Workbook

Sheet 1
A2: Moneda: Euro | D2: 01 EDUCATION
A3: PAGA TOTAL
A4: DEL 01/01/26 AL 31/01/26 | D4: 000170 | E4: 000183 | F4: 000222
A5: Empresa: 4008-DSD PLANNING CENTER S.L. NIF: B86563285 | D5: BISCEGLI | E5: PETERSEN | F5: PETERSEN
D6: FILHO | E6: HERRERA | F6: HERRERA
D7: CARLOS | E7: JOHN MICHAEL | F7: ERIK STEWARD
A9: CONCEPTO
B11: 1 | C11: Salario Base | D11: 4000 | E11: 1215.24 | F11: 1215.24
B12: 3 | C12: Mejora Voluntaria | D12: 1028.9 | E12: 777.79 | F12: 444.46
B13: 123 | C13: Prorrata PP. Extras | D13: 666.66 | E13: 202.54 | F13: 202.54
B14: 275 | C14: Teletrabajo | D14: 15 | E14: 15 | F14: 15
B15: 276 | C15: Descuento Comida Flex | E15: -54.16
B16: 337 | C16: Comida Flex (Exenta) | E16: 54.16
B17: 398 | C17: Plus Transporte | D17: 137.76 | E17: 137.76 | F17: 137.76
A19: TOTAL BRUTO | D19: =SUM(D11:D18) -> 5848.32 | E19: =SUM(E11:E18) -> 2348.33 | F19: =SUM(F11:F18) -> 2015
B21: 789 | C21: Dcto.Conceptos en Especi | E21: 54.16
B22: 995 | C22: COTIZACION CONT.COMUNES | D22: 248.88 | E22: 113.89 | F22: 97.73
B23: 996 | C23: COTIZACION FORMACION PRO | D23: 5.1 | E23: 2.35 | F23: 2.02
B24: 997 | C24: COTIZACION DESEMPLEO | D24: 79.07 | E24: 36.4 | F24: 31.23
B25: 999 | C25: TRIBUTACION I.R.P.F. | D25: 1574.95 | E25: 359.5 | F25: 275.05
A27: TOTAL DEDUCCIONES | D27: =SUM(D20:D26) -> 1908 | E27: =SUM(E20:E26) -> 566.3 | F27: =SUM(F20:F26) -> 406.03
A29: TOTAL LIQUIDO | D29: =(D19-D27) -> 3940.32 | E29: =(E19-E27) -> 1782.03 | F29: =(F19-F27) -> 1608.97
A30: PRORRATA PAGAS EXTRAS | D30: 0 | E30: 0 | F30: 0
A31: SEGURIDAD SOCIAL EMPRESA | D31: 1647.39 | E31: 755 | F31: 647.84
A32: SEGURIDAD SOCIAL TRABAJADOR | D32: 333.05 | E32: 152.64 | F32: 130.98
A33: SEGURIDAD SOCIAL TOTAL | D33: 1980.44 | E33: 907.64 | F33: 778.82
A34: COSTE COLAB. VOLUNTARIA | D34: 0 | E34: 0 | F34: 0
A35: APORTAC. SERVICIOS COMUNES | D35: 0 | E35: 0 | F35: 0
A36: COSTE EMPRESA | D36: =D19+D31 -> 7495.71 | E36: =E19+E31 -> 3103.33 | F36: =F19+F31 -> 2662.84
A37: BASE CONTINGENCIAS COMUNES | D37: 5101.2 | E37: 2348.33 | F37: 2015
A38: BASE ACCIDENTES | D38: 5101.2 | E38: 2348.33 | F38: 2015
A39: BASE I.R.P.F. DINERARIA | D39: 5848.32 | E39: 2294.17 | F39: 2015
A40: BASE I.R.P.F. ESPECIES | D40: 0 | E40: 0 | F40: 0
A41: BASE I.R.P.F. IRREGULAR | D41: 0 | E41: 0 | F41: 0
A42: HORAS EXTRAS NORMALES | D42: 0 | E42: 0 | F42: 0
A43: HORAS EXTRAS ESTRUCTURALES | D43: 0 | E43: 0 | F43: 0
A44: HORAS PRESENCIA | D44: 160 | E44: 160 | F44: 160
A45: DIAS DESEMPLEO PARCIAL | D45: 0 | E45: 0 | F45: 0
A46: IMPORTE BONIFICACION | D46: 0 | E46: 0 | F46: 0
A47: DIAS COTIZADOS | D47: 30 | E47: 30 | F47: 30

Sheet 2
A2: Moneda: Euro | D2: 01 EDUCATION
A3: PAGA TOTAL
A4: DEL 01/01/26 AL 31/01/26 | D4: TOTAL
A5: Empresa: 4008-DSD PLANNING CENTER S.L. NIF: B86563285 | D5: EDUCATION
A9: CONCEPTO
B11: 1 | C11: Salario Base | D11: =SUM('1'!$D$11:$G$11) -> 6430.48
B12: 3 | C12: Mejora Voluntaria | D12: =SUM('1'!$D$12:$G$12) -> 2251.15
B13: 123 | C13: Prorrata PP. Extras | D13: =SUM('1'!$D$13:$G$13) -> 1071.74
B14: 275 | C14: Teletrabajo | D14: =SUM('1'!$D$14:$G$14) -> 45
B15: 276 | C15: Descuento Comida Flex | D15: =SUM('1'!$D$15:$G$15) -> -54.16
B16: 337 | C16: Comida Flex (Exenta) | D16: =SUM('1'!$D$16:$G$16) -> 54.16
B17: 398 | C17: Plus Transporte | D17: =SUM('1'!$D$17:$G$17) -> 413.28
A19: TOTAL BRUTO | D19: =SUM('1'!$D$19:$G$19) -> 10211.65
B21: 789 | C21: Dcto.Conceptos en Especi | D21: =SUM('1'!$D$21:$G$21) -> 54.16
B22: 995 | C22: COTIZACION CONT.COMUNES | D22: =SUM('1'!$D$22:$G$22) -> 460.5
B23: 996 | C23: COTIZACION FORMACION PRO | D23: =SUM('1'!$D$23:$G$23) -> 9.47
B24: 997 | C24: COTIZACION DESEMPLEO | D24: =SUM('1'!$D$24:$G$24) -> 146.7
B25: 999 | C25: TRIBUTACION I.R.P.F. | D25: =SUM('1'!$D$25:$G$25) -> 2209.5
A27: TOTAL DEDUCCIONES | D27: =SUM('1'!$D$27:$G$27) -> 2880.33
A29: TOTAL LIQUIDO | D29: =SUM('1'!$D$29:$G$29) -> 7331.32
A30: PRORRATA PAGAS EXTRAS | D30: =SUM('1'!$D$30:$G$30) -> 0
A31: SEGURIDAD SOCIAL EMPRESA | D31: =SUM('1'!$D$31:$G$31) -> 3050.23
A32: SEGURIDAD SOCIAL TRABAJADOR | D32: =SUM('1'!$D$32:$G$32) -> 616.67
A33: SEGURIDAD SOCIAL TOTAL | D33: =SUM('1'!$D$33:$G$33) -> 3666.9
A34: COSTE COLAB. VOLUNTARIA | D34: =SUM('1'!$D$34:$G$34) -> 0
A35: APORTAC. SERVICIOS COMUNES | D35: =SUM('1'!$D$35:$G$35) -> 0
A36: COSTE EMPRESA | D36: =SUM('1'!$D$36:$G$36) -> 13261.88
A37: BASE CONTINGENCIAS COMUNES | D37: =SUM('1'!$D$37:$G$37) -> 9464.53
A38: BASE ACCIDENTES | D38: =SUM('1'!$D$38:$G$38) -> 9464.53
A39: BASE I.R.P.F. DINERARIA | D39: =SUM('1'!$D$39:$G$39) -> 10157.49
A40: BASE I.R.P.F. ESPECIES | D40: =SUM('1'!$D$40:$G$40) -> 0
A41: BASE I.R.P.F. IRREGULAR | D41: =SUM('1'!$D$41:$G$41) -> 0
A42: HORAS EXTRAS NORMALES | D42: =SUM('1'!$D$42:$G$42) -> 0
A43: HORAS EXTRAS ESTRUCTURALES | D43: =SUM('1'!$D$43:$G$43) -> 0
A44: HORAS PRESENCIA | D44: =SUM('1'!$D$44:$G$44) -> 480
A45: DIAS DESEMPLEO PARCIAL | D45: =SUM('1'!$D$45:$G$45) -> 0
A46: IMPORTE BONIFICACION | D46: =SUM('1'!$D$46:$G$46) -> 0
A47: DIAS COTIZADOS | D47: =SUM('1'!$D$47:$G$47) -> 90
A48: TOTAL TRABAJADORES | D48: 3

Sheet 3
A2: Moneda: Euro | D2: 02 MARKETING
A3: PAGA TOTAL
A4: DEL 01/01/26 AL 31/01/26 | D4: 000073 | E4: 000085 | F4: 000123 | G4: 000124 | H4: 000199 | I4: 000209
A5: Empresa: 4008-DSD PLANNING CENTER S.L. NIF: B86563285 | D5: MASON | E5: CASTELLANOS | F5: DE ARBELOA | G5: MACDONALD | H5: RUBIO | I5: SANCHEZ
D6: DAISY | E6: WEIDLICH | F6: RACHADELL | G6: MARITA | H6: OLIVEROS | I6: GARCIA
E7: CATERINA | F7: LUKEN | H7: GISSEL PAOLA | I7: MARIO
A9: CONCEPTO
B11: 1 | C11: Salario Base | D11: 2500 | E11: 1399.21 | F11: 5000 | G11: 3693.39 | H11: 1312.81 | I11: 1215.24
B12: 3 | C12: Mejora Voluntaria | D12: 695.57 | E12: 729.82 | F12: 1695.57 | G12: 59.66 | H12: 1080.62 | I12: 944.45
B13: 123 | C13: Prorrata PP. Extras | D13: 416.66 | E13: 233.2 | F13: 833.34 | G13: 615.56 | H13: 218.8 | I13: 202.54
B14: 181 | C14: Plus Cumplimiento Objeti | E14: 1024.3
B15: 275 | C15: Teletrabajo | D15: 15 | E15: 15 | F15: 15 | G15: 15 | H15: 15 | I15: 15
B16: 276 | C16: Descuento Comida Flex | E16: -220 | G16: -220 | H16: -214.35 | I16: -220
B17: 277 | C17: Descuento Transp Flex | E17: -133.95 | G17: -136.36 | H17: -38.2 | I17: -7.3
B18: 282 | C18: Vehículo Empresa | G18: 458.82
B19: 337 | C19: Comida Flex (Exenta) | E19: 220 | G19: 220 | H19: 214.35 | I19: 220
B20: 339 | C20: Comida B. Social (Exent | D20: 215.34 | F20: 220
B21: 343 | C21: Transporte Flex (Exento) | E21: 133.95 | G21: 136.36 | H21: 38.2 | I21: 7.3
B22: 345 | C22: Transporte B.S (Exento) | D22: 21.9 | F22: 136.36
B23: 353 | C23: Seguro Médico B.S.(Exent | D23: 41.67 | F23: 125.01 | G23: 41.67
B24: 356 | C24: Seguro Médico B.S. (No E | D24: 23.09 | F24: 69.27 | G24: 23.09
B25: 398 | C25: Plus Transporte | D25: 137.76 | E25: 137.76 | F25: 137.76 | G25: 137.76 | H25: 137.76 | I25: 137.76
B26: 988 | C26: Imp.Ingr. a Cta. Esp. Cg | D26: 4.86 | F26: 21.74 | G26: 113.15
A28: TOTAL BRUTO | D28: =SUM(D11:D27) -> 4071.85 | E28: =SUM(E11:E27) -> 3539.29 | F28: =SUM(F11:F27) -> 8254.05 | G28: =SUM(G11:G27) -> 5158.1 | H28: =SUM(H11:H27) -> 2764.99 | I28: =SUM(I11:I27) -> 2514.99
B30: 768 | C30: Anticipo Paternidad | F30: 1119.4
B31: 789 | C31: Dcto.Conceptos en Especi | D31: 302 | E31: 353.95 | F31: 550.64 | G31: 879.94 | H31: 252.55 | I31: 227.3
B32: 989 | C32: Imp.Ingr.a Cta.Valores E | D32: 4.86 | F32: 21.74 | G32: 113.15
B33: 995 | C33: COTIZACION CONT.COMUNES | D33: 197.25 | E33: 171.66 | F33: 254.06 | G33: 244.68 | H33: 134.1 | I33: 121.97
B34: 996 | C34: COTIZACION FORMACION PRO | D34: 4.07 | E34: 3.54 | F34: 5.1 | G34: 5.04 | H34: 2.76 | I34: 2.51
B35: 997 | C35: COTIZACION DESEMPLEO | D35: 63.04 | E35: 54.86 | F35: 79.07 | G35: 78.2 | H35: 42.86 | I35: 38.98
B36: 999 | C36: TRIBUTACION I.R.P.F. | D36: 792.53 | E36: 639.3 | F36: 2411.28 | G36: 977.94 | H36: 436.66 | I36: 373.35
A38: TOTAL DEDUCCIONES | D38: =SUM(D29:D37) -> 1363.75 | E38: =SUM(E29:E37) -> 1223.31 | F38: =SUM(F29:F37) -> 4441.29 | G38: =SUM(G29:G37) -> 2298.95 | H38: =SUM(H29:H37) -> 868.93 | I38: =SUM(I29:I37) -> 764.11
A40: TOTAL LIQUIDO | D40: =(D28-D38) -> 2708.1 | E40: =(E28-E38) -> 2315.98 | F40: =(F28-F38) -> 3812.76 | G40: =(G28-G38) -> 2859.15 | H40: =(H28-H38) -> 1896.06 | I40: =(I28-I38) -> 1750.88
A41: PRORRATA PAGAS EXTRAS | D41: 0 | E41: 0 | F41: 0 | G41: 0 | H41: 0 | I41: 0
A42: SEGURIDAD SOCIAL EMPRESA | D42: 1307.53 | E42: 1137.88 | F42: 1673.24 | G42: 1621.94 | H42: 888.93 | I42: 808.57
A43: SEGURIDAD SOCIAL TRABAJADOR | D43: 264.36 | E43: 230.06 | F43: 338.23 | G43: 327.92 | H43: 179.72 | I43: 163.46
A44: SEGURIDAD SOCIAL TOTAL | D44: 1571.89 | E44: 1367.94 | F44: 2011.47 | G44: 1949.86 | H44: 1068.65 | I44: 972.03
A45: COSTE COLAB. VOLUNTARIA | D45: 0 | E45: 0 | F45: 0 | G45: 0 | H45: 0 | I45: 0
A46: APORTAC. SERVICIOS COMUNES | D46: 0 | E46: 0 | F46: 0 | G46: 0 | H46: 0 | I46: 0
A47: COSTE EMPRESA | D47: =D28+D42 -> 5379.38 | E47: =E28+E42 -> 4677.17 | F47: =F28+F42 -> 9927.29 | G47: =G28+G42 -> 6780.04 | H47: =H28+H42 -> 3653.92 | I47: =I28+I42 -> 3323.56
A48: BASE CONTINGENCIAS COMUNES | D48: 4066.99 | E48: 3539.29 | F48: 5101.2 | G48: 5044.95 | H48: 2764.99 | I48: 2514.99
A49: BASE ACCIDENTES | D49: 4066.99 | E49: 3539.29 | F49: 5101.2 | G49: 5044.95 | H49: 2764.99 | I49: 2514.99
A50: BASE I.R.P.F. DINERARIA | D50: 3764.99 | E50: 3185.34 | F50: 7681.67 | G50: 4165.01 | H50: 2512.44 | I50: 2287.69
A51: BASE I.R.P.F. ESPECIES | D51: 23.09 | E51: 0 | F51: 69.27 | G51: 481.91 | H51: 0 | I51: 0
A52: BASE I.R.P.F. IRREGULAR | D52: 0 | E52: 0 | F52: 0 | G52: 0 | H52: 0 | I52: 0
A53: HORAS EXTRAS NORMALES | D53: 0 | E53: 0 | F53: 0 | G53: 0 | H53: 0 | I53: 0
A54: HORAS EXTRAS ESTRUCTURALES | D54: 0 | E54: 0 | F54: 0 | G54: 0 | H54: 0 | I54: 0
A55: HORAS PRESENCIA | D55: 160 | E55: 160 | F55: 160 | G55: 160 | H55: 160 | I55: 160
A56: DIAS DESEMPLEO PARCIAL | D56: 0 | E56: 0 | F56: 0 | G56: 0 | H56: 0 | I56: 0
A57: IMPORTE BONIFICACION | D57: 0 | E57: 0 | F57: 0 | G57: 0 | H57: 0 | I57: 0
A58: DIAS COTIZADOS | D58: 30 | E58: 30 | F58: 30 | G58: 30 | H58: 30 | I58: 30

Sheet 4
A2: Moneda: Euro | D2: 02 MARKETING
A3: PAGA TOTAL
A4: DEL 01/01/26 AL 31/01/26 | D4: TOTAL
A5: Empresa: 4008-DSD PLANNING CENTER S.L. NIF: B86563285 | D5: MARKETING
A9: CONCEPTO
B11: 1 | C11: Salario Base | D11: =SUM('3'!$D$11:$J$11) -> 15120.65
B12: 3 | C12: Mejora Voluntaria | D12: =SUM('3'!$D$12:$J$12) -> 5205.69
B13: 123 | C13: Prorrata PP. Extras | D13: =SUM('3'!$D$13:$J$13) -> 2520.1
B14: 181 | C14: Plus Cumplimiento Objeti | D14: =SUM('3'!$D$14:$J$14) -> 1024.3
B15: 275 | C15: Teletrabajo | D15: =SUM('3'!$D$15:$J$15) -> 90
B16: 276 | C16: Descuento Comida Flex | D16: =SUM('3'!$D$16:$J$16) -> -874.35
B17: 277 | C17: Descuento Transp Flex | D17: =SUM('3'!$D$17:$J$17) -> -315.81
B18: 282 | C18: Vehículo Empresa | D18: =SUM('3'!$D$18:$J$18) -> 458.82
B19: 337 | C19: Comida Flex (Exenta) | D19: =SUM('3'!$D$19:$J$19) -> 874.35
B20: 339 | C20: Comida B. Social (Exent | D20: =SUM('3'!$D$20:$J$20) -> 435.34
B21: 343 | C21: Transporte Flex (Exento) | D21: =SUM('3'!$D$21:$J$21) -> 315.81
B22: 345 | C22: Transporte B.S (Exento) | D22: =SUM('3'!$D$22:$J$22) -> 158.26
B23: 353 | C23: Seguro Médico B.S.(Exent | D23: =SUM('3'!$D$23:$J$23) -> 208.35
B24: 356 | C24: Seguro Médico B.S. (No E | D24: =SUM('3'!$D$24:$J$24) -> 115.45
B25: 398 | C25: Plus Transporte | D25: =SUM('3'!$D$25:$J$25) -> 826.56
B26: 988 | C26: Imp.Ingr. a Cta. Esp. Cg | D26: =SUM('3'!$D$26:$J$26) -> 139.75
A28: TOTAL BRUTO | D28: =SUM('3'!$D$28:$J$28) -> 26303.27
B30: 768 | C30: Anticipo Paternidad | D30: =SUM('3'!$D$30:$J$30) -> 1119.4
B31: 789 | C31: Dcto.Conceptos en Especi | D31: =SUM('3'!$D$31:$J$31) -> 2566.38
B32: 989 | C32: Imp.Ingr.a Cta.Valores E | D32: =SUM('3'!$D$32:$J$32) -> 139.75
B33: 995 | C33: COTIZACION CONT.COMUNES | D33: =SUM('3'!$D$33:$J$33) -> 1123.72
B34: 996 | C34: COTIZACION FORMACION PRO | D34: =SUM('3'!$D$34:$J$34) -> 23.02
B35: 997 | C35: COTIZACION DESEMPLEO | D35: =SUM('3'!$D$35:$J$35) -> 357.01
B36: 999 | C36: TRIBUTACION I.R.P.F. | D36: =SUM('3'!$D$36:$J$36) -> 5631.06
A38: TOTAL DEDUCCIONES | D38: =SUM('3'!$D$38:$J$38) -> 10960.34
A40: TOTAL LIQUIDO | D40: =SUM('3'!$D$40:$J$40) -> 15342.93
A41: PRORRATA PAGAS EXTRAS | D41: =SUM('3'!$D$41:$J$41) -> 0
A42: SEGURIDAD SOCIAL EMPRESA | D42: =SUM('3'!$D$42:$J$42) -> 7438.09
A43: SEGURIDAD SOCIAL TRABAJADOR | D43: =SUM('3'!$D$43:$J$43) -> 1503.75
A44: SEGURIDAD SOCIAL TOTAL | D44: =SUM('3'!$D$44:$J$44) -> 8941.84
A45: COSTE COLAB. VOLUNTARIA | D45: =SUM('3'!$D$45:$J$45) -> 0
A46: APORTAC. SERVICIOS COMUNES | D46: =SUM('3'!$D$46:$J$46) -> 0
A47: COSTE EMPRESA | D47: =SUM('3'!$D$47:$J$47) -> 33741.36
A48: BASE CONTINGENCIAS COMUNES | D48: =SUM('3'!$D$48:$J$48) -> 23032.41
A49: BASE ACCIDENTES | D49: =SUM('3'!$D$49:$J$49) -> 23032.41
A50: BASE I.R.P.F. DINERARIA | D50: =SUM('3'!$D$50:$J$50) -> 23597.14
A51: BASE I.R.P.F. ESPECIES | D51: =SUM('3'!$D$51:$J$51) -> 574.27
A52: BASE I.R.P.F. IRREGULAR | D52: =SUM('3'!$D$52:$J$52) -> 0
A53: HORAS EXTRAS NORMALES | D53: =SUM('3'!$D$53:$J$53) -> 0
A54: HORAS EXTRAS ESTRUCTURALES | D54: =SUM('3'!$D$54:$J$54) -> 0
A55: HORAS PRESENCIA | D55: =SUM('3'!$D$55:$J$55) -> 960
A56: DIAS DESEMPLEO PARCIAL | D56: =SUM('3'!$D$56:$J$56) -> 0
A57: IMPORTE BONIFICACION | D57: =SUM('3'!$D$57:$J$57) -> 0
A58: DIAS COTIZADOS | D58: =SUM('3'!$D$58:$J$58) -> 180
A59: TOTAL TRABAJADORES | D59: 6

Sheet 5
A2: Moneda: Euro | D2: 03 PLANNING CENTER
A3: PAGA TOTAL
A4: DEL 01/01/26 AL 31/01/26 | D4: 000016 | E4: 000021 | F4: 000022 | G4: 000024 | H4: 000027 | I4: 000028 | J4: 000039 | K4: 000044 | L4: 000055 | M4: 000065 | N4: 000067 | O4: 000068 | P4: 000094 | Q4: 000095 | R4: 000097 | S4: 000114 | T4: 000125 | U4: 000131 | V4: 000132 | W4: 000133 | X4: 000134 | Y4: 000136 | Z4: 000145 | AA4: 000147 | AB4: 000152 | AC4: 000155 | AD4: 000156 | AE4: 000165 | AF4: 000166 | AG4: 000168 | AH4: 000174 | AI4: 000176 | AJ4: 000177 | AK4: 000184 | AL4: 000189 | AM4: 000190 | AN4: 000194 | AO4: 000202 | AP4: 000204 | AQ4: 000208 | AR4: 000210 | AS4: 000211 | AT4: 000212 | AU4: 000214 | AV4: 000218 | AW4: 000223 | AX4: 000227
A5: Empresa: 4008-DSD PLANNING CENTER S.L. NIF: B86563285 | D5: SANCHEZ | E5: LABANDERA | F5: PADILLA | G5: JIMENEZ | H5: COIRAZZA | I5: AMARANTE | J5: GOMEZ | K5: PICON | L5: DOS | M5: RAMOS | N5: MOLINA | O5: CAÑIZARES | P5: PERAZA | Q5: HERNANDEZ | R5: LOPEZ | S5: FERNANDES | T5: PINTO | U5: BRETON | V5: MASTROMATTEO | W5: DALE | X5: QUINTANA | Y5: MOLERO | Z5: GOMEZ | AA5: LABANDERA | AB5: ZABLOTZKY | AC5: HARTE | AD5: GUTIERREZ | AE5: OPALINSKI | AF5: WATZKO | AG5: SERRANO | AH5: LOZANO | AI5: GONZALEZ | AJ5: KUTT | AK5: NKOGO | AL5: GARCIA | AM5: PRIETO | AN5: CARRERA | AO5: DOS | AP5: LEIVA | AQ5: MARIN | AR5: CASTRILLON | AS5: LOPEZ | AT5: LIRIANO | AU5: TOMA | AV5: MATTHEWS | AW5: VASQUEZ | AX5: BASTIDAS
D6: CALEYA | E6: FAJARDO | F6: CALI | G6: SALAZAR | H6: LAURA-ELISA | I6: COACHMAN | J6: PULIDO | K6: CALZADA | L6: RAMOS | M6: AREVALO | N6: MUÑOZ | O6: SORIANO | P6: LABRADOR | Q6: DIAZ | R6: SAN JUAN | S6: ABREU | T6: RAMOS | U6: PEREZ | V6: MANAURE | W6: PARRA | X6: GODOY | Y6: DONAIRE | Z6: JOSE | AA6: FAJARDO | AB6: LUISINA | AC6: LOURDES | AD6: SILVA | AE6: RAUCHMAN | AF6: DE MELO | AG6: MAJANO | AH6: ARCE | AI6: BAUTISTA | AJ6: SANTOS | AK6: NCHAMA | AL6: LAVELLI | AM6: MARTINEZ | AN6: RODRIGUEZ | AO6: SANTOS | AP6: RODRIGUEZ | AQ6: SEBASTIAN | AR6: RUIZ | AS6: RODRIGUEZ | AT6: AMARANTE | AU6: ANA | AV6: DANIELLE | AW6: VERGARA | AX6: YAGUANA
D7: ANGEL-LUIS | E7: LORENA-CRIST | F7: VERONICA | G7: EDORTA | I7: JOHN WILLIAM | J7: MANUEL | K7: PAULA | L7: KATHY CAROLI | M7: JESUS MARIA | N7: DAVID | O7: PATRICIA | P7: EDUARDO-JOSE | Q7: MARIANA-RAQU | R7: ELISABET | S7: MERY HELEN | T7: DANIEL SOUZA | U7: JOANNY SCARL | V7: MARIA FERNAN | W7: FABIANA DEL | X7: ORIANA ISABE | Y7: VICTOR | Z7: ESTEBAN | AA7: ARIANNA | AB7: MARIEL | AC7: MARIA BRIGID | AD7: VICTORIA EUG | AE7: ALEJANDRA | AF7: CAROLINA | AG7: RICARDO ALFR | AH7: STEPHANY | AI7: IVAN | AJ7: LEILI | AK7: JOSE DANIEL | AL7: MARIANNA | AM7: DANIEL | AN7: RICHARD EDWI | AO7: DONATO CRIST | AP7: ROBERTO ALEJ | AR7: NORA | AS7: AMANDA | AT7: DIANNY ANDRE | AU7: MARIA | AV7: ANITA | AW7: ROBERTO JR | AX7: MARIA JOSE
A9: CONCEPTO
B11: 1 | C11: Salario Base | D11: 1666.67 | E11: 2000 | F11: 2000 | G11: 1400 | H11: 2000 | I11: 5000 | J11: 2000 | K11: 1154.79 | L11: 2000 | M11: 2500 | N11: 2000 | O11: 1215.24 | P11: 1399.21 | Q11: 2500 | R11: 1122 | S11: 1154.79 | T11: 4000 | V11: 1154.79 | W11: 1500 | X11: 1500 | Z11: 1154.79 | AA11: 1154.79 | AB11: 1154.79 | AC11: 1154.79 | AD11: 1154.79 | AE11: 1312.8 | AF11: 1312.8 | AG11: 1215.24 | AH11: 1215.24 | AI11: 1215.24 | AJ11: 1215.24 | AK11: 864 | AL11: 1215.24 | AM11: 1500 | AN11: 1080 | AO11: 1080 | AP11: 1215.24 | AQ11: 1215.24 | AR11: 1167.63 | AS11: 1215.24 | AU11: 1167.63 | AV11: 1215.24 | AW11: 1215.24 | AX11: 486.1
B12: 3 | C12: Mejora Voluntaria | D12: 1065.76 | E12: 862.24 | F12: 528.91 | G12: 1062.23 | H12: 28.91 | I12: 2201.55 | J12: 278.91 | K12: 1603.01 | L12: 866.94 | M12: 2945.58 | N12: 28.91 | O12: 777.79 | P12: 979.83 | Q12: 612.24 | R12: 1053.24 | S12: 848.32 | T12: 1695.57 | V12: 1014.99 | W12: 862.24 | X12: 862.24 | Z12: 1014.99 | AA12: 848.32 | AB12: 1264.99 | AC12: 1014.99 | AD12: 848.32 | AE12: 330.63 | AF12: 913.97 | AG12: 1027.79 | AH12: 444.46 | AI12: 444.46 | AJ12: 444.46 | AK12: 481.79 | AL12: 444.46 | AM12: 945.57 | AN12: 768.91 | AO12: 352.24 | AP12: 194.45 | AQ12: 777.79 | AR12: 250.01 | AS12: 194.45 | AU12: 250.01 | AV12: 194.46 | AW12: 194.46 | AX12: 77.78
B13: 8 | C13: Plus Actividad | AV13: 8.13
B14: 51 | C14: Complemento Especialidad | I14: 1100
B15: 53 | C15: Plus Nocturnidad | AE15: 200 | AP15: 450.01 | AW15: 175
B16: 63 | C16: Complemento de puesto te | AG16: 258.3
B17: 65 | C17: Complemento Puesto | M17: 666.66
B18: 123 | C18: Prorrata PP. Extras | D18: 288.88 | E18: 333.34 | F18: 333.34 | G18: 233.34 | H18: 333.34 | I18: 833.34 | J18: 333.34 | K18: 192.46 | L18: 333.34 | M18: 416.66 | N18: 333.34 | O18: 202.54 | P18: 233.2 | Q18: 416.66 | R18: 187 | S18: 192.46 | T18: 666.66 | V18: 192.46 | W18: 250 | X18: 250 | Z18: 192.46 | AA18: 192.46 | AB18: 192.46 | AC18: 192.46 | AD18: 192.46 | AE18: 218.8 | AF18: 218.8 | AG18: 202.54 | AH18: 202.54 | AI18: 202.54 | AJ18: 202.54 | AK18: 150 | AL18: 202.54 | AM18: 250 | AN18: 180 | AO18: 180 | AP18: 202.54 | AQ18: 202.54 | AR18: 194.6 | AS18: 202.54 | AU18: 194.6 | AV18: 202.54 | AW18: 202.54 | AX18: 87.76
B19: 181 | C19: Plus Cumplimiento Objeti | AL19: 699
B20: 275 | C20: Teletrabajo | D20: 15 | F20: 15 | G20: 15 | H20: 15 | I20: 15 | J20: 15 | K20: 15 | L20: 15 | M20: 15 | N20: 15 | O20: 15 | P20: 15 | Q20: 15 | S20: 15 | T20: 15 | V20: 15 | W20: 15 | X20: 15 | Y20: 15 | Z20: 15 | AA20: 15 | AB20: 15 | AC20: 15 | AD20: 15 | AE20: 15 | AF20: 15 | AG20: 15 | AH20: 15 | AI20: 15 | AJ20: 15 | AL20: 15 | AM20: 15 | AN20: 15 | AO20: 15 | AP20: 15 | AQ20: 15 | AR20: 15 | AS20: 15 | AU20: 15 | AV20: 15 | AW20: 15
B21: 276 | C21: Descuento Comida Flex | D21: -200.1 | F21: -204.55 | H21: -219.95 | K21: -220 | S21: -184.3 | T21: -220 | V21: -191.46 | W21: -220 | X21: -27.22 | Z21: -31.6 | AD21: -158.94 | AE21: -20.3 | AF21: -202.58 | AG21: -54.13 | AK21: -123.87 | AL21: -107.29 | AN21: -1.85 | AO21: -49.9 | AP21: -14.7
B22: 277 | C22: Descuento Transp Flex | H22: -130.64 | S22: -20.45 | V22: -14 | Z22: -53.1 | AE22: -9.8 | AL22: -127 | AN22: -43.2 | AO22: -64.63 | AU22: -10
B23: 278 | C23: Descuento Guard Flex | F23: -372.67 | W23: -353.67 | AD23: -537.67
B24: 280 | C24: Descuento Seg Medico Fle | F24: -18.58 | T24: -18.58 | AE24: -9.29
B25: 283 | C25: Descuento Formacion Flex | Z25: -722.02
B26: 337 | C26: Comida Flex (Exenta) | D26: 200.1 | F26: 204.55 | H26: 219.95 | K26: 220 | S26: 184.3 | T26: 220 | V26: 191.46 | W26: 220 | X26: 27.22 | Z26: 31.6 | AD26: 158.94 | AE26: 20.3 | AF26: 202.58 | AG26: 54.13 | AK26: 123.87 | AL26: 107.29 | AN26: 1.85 | AO26: 49.9 | AP26: 14.7
B27: 338 | C27: Formación Flex (exento) | Z27: 722.02
B28: 339 | C28: Comida B. Social (Exent | E28: 167.15 | G28: 105.5 | I28: 220 | J28: 147.2 | L28: 194.81 | M28: 220 | N28: 218.05 | O28: 219.6 | Q28: 218.3 | R28: 120.46 | Y28: 56.35 | AA28: 144.97 | AC28: 47.29 | AG28: 42.91 | AH28: 60.83 | AI28: 137.76 | AJ28: 220 | AM28: 184.2 | AP28: 204.4
B29: 343 | C29: Transporte Flex (Exento) | H29: 130.64 | S29: 20.45 | V29: 14 | Z29: 53.1 | AE29: 9.8 | AL29: 127 | AN29: 43.2 | AO29: 64.63 | AU29: 10
B30: 345 | C30: Transporte B.S (Exento) | J30: 38.2 | N30: 86.3 | O30: 49.4 | P30: 43.2 | AC30: 41.2 | AH30: 3.3 | AJ30: 10 | AM30: 43.2 | AP30: 42.8 | AQ30: 9.6 | AV30: 32.7
B31: 349 | C31: Guarderia Flex (Exento) | F31: 372.67 | W31: 353.67 | AD31: 537.67
B32: 352 | C32: Seguro Salud Flex (Exent | F32: 18.58 | T32: 18.58 | AE32: 9.29
B33: 353 | C33: Seguro Médico B.S.(Exent | D33: 41.67 | E33: 83.34 | F33: 106.43 | H33: 41.67 | I33: 166.68 | J33: 41.67 | K33: 41.67 | M33: 83.34 | N33: 41.67 | O33: 41.67 | P33: 41.67 | Q33: 41.67 | R33: 41.67 | S33: 41.67 | T33: 106.43 | V33: 41.67 | W33: 41.67 | Y33: 41.67 | Z33: 41.67 | AB33: 125.01 | AC33: 41.67 | AE33: 32.38 | AJ33: 41.67
B34: 355 | C34: Seguro Salud Flex (No Ex | F34: 46.18 | T34: 46.18 | AE34: 23.09
B35: 356 | C35: Seguro Médico B.S. (No E | D35: 23.09 | E35: 46.18 | F35: 23.09 | H35: 23.09 | I35: 92.36 | J35: 23.09 | K35: 23.09 | M35: 46.18 | N35: 23.09 | O35: 23.09 | P35: 23.09 | Q35: 23.09 | R35: 23.09 | S35: 23.09 | T35: 23.09 | V35: 23.09 | W35: 23.09 | Y35: 23.09 | Z35: 23.09 | AB35: 69.27 | AC35: 23.09 | AJ35: 23.09
B36: 357 | C36: Descuento Seg flex (No e | F36: -46.18 | T36: -46.18 | AE36: -23.09
B37: 398 | C37: Plus Transporte | D37: 114.8 | E37: 137.76 | F37: 137.76 | G37: 137.76 | H37: 137.76 | I37: 137.76 | J37: 137.76 | K37: 133.06 | L37: 133.06 | M37: 137.76 | N37: 137.76 | O37: 137.76 | P37: 137.76 | Q37: 137.76 | R37: 137.76 | S37: 137.76 | T37: 137.76 | V37: 137.76 | W37: 137.76 | X37: 137.76 | Z37: 137.76 | AA37: 137.76 | AB37: 137.76 | AC37: 137.76 | AD37: 137.76 | AE37: 137.76 | AF37: 137.76 | AG37: 137.76 | AH37: 137.76 | AI37: 137.76 | AJ37: 137.76 | AK37: 110.21 | AL37: 137.76 | AM37: 137.76 | AN37: 137.76 | AO37: 137.76 | AP37: 137.76 | AQ37: 137.76 | AR37: 137.76 | AS37: 137.76 | AU37: 137.76 | AV37: 137.76 | AW37: 137.76 | AX37: 55.1
B38: 451 | C38: Enfermedad | Y38: 1886.35
B39: 988 | C39: Imp.Ingr. a Cta. Esp. Cg | D39: 4.61 | E39: 8.43 | F39: 11.64 | H39: 3.76 | I39: 30.46 | J39: 4.04 | K39: 4.28 | M39: 12.7 | N39: 3.81 | O39: 3.73 | P39: 3.69 | Q39: 4.43 | R39: 3.82 | S39: 3.58 | T39: 19.49 | V39: 3.77 | W39: 3.99 | Y39: 3.63 | Z39: 3.71 | AB39: 12.2 | AC39: 3.79 | AE39: 3.44 | AJ39: 2.65
A41: TOTAL BRUTO | D41: =SUM(D11:D40) -> 3220.48 | E41: =SUM(E11:E40) -> 3638.44 | F41: =SUM(F11:F40) -> 3156.17 | G41: =SUM(G11:G40) -> 2953.83 | H41: =SUM(H11:H40) -> 2583.53 | I41: =SUM(I11:I40) -> 9797.15 | J41: =SUM(J11:J40) -> 3019.21 | K41: =SUM(K11:K40) -> 3167.36 | ... AX41: =SUM(AX11:AX40) -> 706.74
B43: 789 | C43: Dcto.Conceptos en Especi | D43: 264.86 | E43: 296.67 | F43: 771.5 | G43: 105.5 | H43: 415.35 | I43: 479.04 | J43: 250.16 | K43: 284.76 | L43: 194.81 | M43: 349.52 | N43: 369.11 | O43: 333.76 | P43: 107.96 | Q43: 283.06 | R43: 185.22 | S43: 269.51 | T43: 414.28 | V43: 270.22 | W43: 638.43 | X43: 27.22 | Y43: 121.11 | Z43: 871.48 | AA43: 144.97 | AB43: 194.28 | AC43: 153.25 | AD43: 696.61 | AE43: 94.86 | AF43: 202.58 | AG43: 97.04 | AH43: 64.13 | AI43: 137.76 | AJ43: 294.76 | AK43: 123.87 | AL43: 234.29 | AM43: 227.4 | AN43: 45.05 | AO43: 114.53 | AP43: 261.9 | AQ43: 9.6 | AU43: 10 | AV43: 32.7
B44: 989 | C44: Imp.Ingr.a Cta.Valores E | D44: 4.61 | E44: 8.43 | F44: 11.64 | H44: 3.76 | I44: 30.46 | J44: 4.04 | K44: 4.28 | M44: 12.7 | N44: 3.81 | O44: 3.73 | P44: 3.69 | Q44: 4.43 | R44: 3.82 | S44: 3.58 | T44: 19.49 | V44: 3.77 | W44: 3.99 | Y44: 3.63 | Z44: 3.71 | AB44: 12.2 | AC44: 3.79 | AE44: 3.44 | AJ44: 2.65
B45: 995 | C45: COTIZACION CONT.COMUNES | D45: 155.97 | E45: 176.06 | F45: 152.51 | G45: 143.26 | H45: 125.12 | I45: 257.75 | J45: 146.23 | K45: 153.4 | L45: 171.84 | M45: 251.36 | N45: 139.88 | O45: 130.08 | P45: 139.34 | Q45: 192.29 | R45: 130.24 | S45: 117.04 | T45: 250.55 | V45: 125.12 | W45: 137.24 | X45: 134.11 | Y45: 118.04 | Z45: 125.12 | AA45: 120.93 | AB45: 143.53 | AC45: 129.41 | AD45: 113.89 | AE45: 109 | AF45: 126.02 | AG45: 140.63 | AH45: 100.84 | AI45: 104.41 | AJ45: 112.02 | AK45: 77.89 | AL45: 131.63 | AM45: 149.17 | AN45: 105.81 | AO45: 85.61 | AP45: 119.41 | AQ45: 114.36 | AR45: 85.61 | AS45: 85.6 | AU45: 85.61 | AV45: 87.58 | AW45: 94.09 | AX45: 34.28
B46: 996 | C46: COTIZACION FORMACION PRO | D46: 3.22 | E46: 3.63 | F46: 3.14 | G46: 2.95 | H46: 2.58 | I46: 5.1 | J46: 3.02 | K46: 3.16 | L46: 3.54 | M46: 5.1 | N46: 2.88 | O46: 2.68 | P46: 2.87 | Q46: 3.96 | R46: 2.69 | S46: 2.41 | T46: 5.1 | V46: 2.58 | W46: 2.83 | X46: 2.77 | Y46: 2.43 | Z46: 2.58 | AA46: 2.49 | AB46: 2.96 | AC46: 2.67 | AD46: 2.35 | AE46: 2.25 | AF46: 2.6 | AG46: 2.9 | AH46: 2.08 | AI46: 2.15 | AJ46: 2.31 | AK46: 1.61 | AL46: 2.71 | AM46: 3.08 | AN46: 2.18 | AO46: 1.77 | AP46: 2.46 | AQ46: 2.36 | AR46: 1.77 | AS46: 1.76 | AU46: 1.77 | AV46: 1.81 | AW46: 1.94 | AX46: 0.71
B47: 997 | C47: COTIZACION DESEMPLEO | D47: 49.85 | E47: 56.27 | F47: 48.74 | G47: 45.78 | H47: 39.99 | I47: 79.07 | J47: 46.74 | K47: 49.03 | L47: 54.92 | M47: 79.07 | N47: 44.7 | O47: 41.57 | P47: 44.53 | Q47: 61.45 | R47: 41.62 | S47: 37.4 | T47: 79.07 | V47: 39.99 | W47: 43.86 | X47: 42.86 | Y47: 37.73 | Z47: 39.99 | AA47: 38.65 | AB47: 45.87 | AC47: 41.36 | AD47: 36.4 | AE47: 34.83 | AF47: 40.27 | AG47: 44.94 | AH47: 32.23 | AI47: 33.37 | AJ47: 35.8 | AK47: 24.89 | AL47: 42.07 | AM47: 47.67 | AN47: 33.82 | AO47: 27.36 | AP47: 38.16 | AQ47: 36.55 | AR47: 27.36 | AS47: 27.36 | AU47: 27.36 | AV47: 27.99 | AW47: 30.07 | AX47: 10.95
B48: 999 | C48: TRIBUTACION I.R.P.F. | D48: 589.61 | E48: 608.67 | F48: 398.67 | G48: 509 | H48: 352.15 | I48: 3063.07 | J48: 483.6 | K48: 533.93 | L48: 624.8 | M48: 1838.12 | N48: 415.48 | O48: 379.72 | P48: 441.85 | Q48: 705.77 | R48: 414 | S48: 332.04 | T48: 1753.19 | V48: 377.15 | W48: 378.22 | X48: 480.48 | Y48: 298.89 | Z48: 274.18 | AA48: 368.22 | AB48: 486.92 | AC48: 412.96 | AD48: 221.66 | AE48: 320.72 | AF48: 362.72 | AG48: 498.85 | AH48: 275.25 | AI48: 279.08 | AJ48: 231.52 | AK48: 168.22 | AL48: 341.46 | AM48: 506.15 | AN48: 314.08 | AO48: 170.49 | AP48: 325.86 | AQ48: 370.57 | AR48: 187.09 | AS48: 213.56 | AU48: 188.14 | AV48: 186.53 | AW48: 254.14 | AX48: 62.05
A50: TOTAL DEDUCCIONES | D50: =SUM(D42:D49) -> 1068.12 | E50: =SUM(E42:E49) -> 1149.73 | F50: =SUM(F42:F49) -> 1386.2 | G50: =SUM(G42:G49) -> 806.49 | H50: =SUM(H42:H49) -> 938.95 | I50: =SUM(I42:I49) -> 3914.49 | J50: =SUM(J42:J49) -> 933.79 | K50: =SUM(K42:K49) -> 1028.56 | ... AX50: =SUM(AX42:AX49) -> 107.99
A52: TOTAL LIQUIDO | D52: =(D41-D50) -> 2152.36 | E52: =(E41-E50) -> 2488.71 | F52: =(F41-F50) -> 1769.97 | G52: =(G41-G50) -> 2147.34 | H52: =(H41-H50) -> 1644.58 | I52: =(I41-I50) -> 5882.66 | J52: =(J41-J50) -> 2085.42 | K52: =(K41-K50) -> 2138.8 | ... AX52: =(AX41-AX50) -> 598.75
A53: PRORRATA PAGAS EXTRAS | D53: 0 | E53: 0 | F53: 0 | G53: 0 | H53: 0 | I53: 0 | J53: 0 | K53: 0 | L53: 0 | M53: 0 | N53: 0 | O53: 0 | P53: 0 | Q53: 0 | R53: 0 | S53: 0 | T53: 0 | U53: 0 | V53: 0 | W53: 0 | X53: 0 | Y53: 0 | Z53: 0 | AA53: 0 | AB53: 0 | AC53: 0 | AD53: 0 | AE53: 0 | AF53: 0 | AG53: 0 | AH53: 0 | AI53: 0 | AJ53: 0 | AK53: 0 | AL53: 0 | AM53: 0 | AN53: 0 | AO53: 0 | AP53: 0 | AQ53: 0 | AR53: 0 | AS53: 0 | AT53: 0 | AU53: 0 | AV53: 0 | AW53: 0 | AX53: 0
A54: SEGURIDAD SOCIAL EMPRESA | D54: 1209.77 | E54: 1167.04 | F54: 1010.97 | G54: 949.67 | H54: 829.39 | I54: 1691.95 | J54: 969.38 | K54: 1016.94 | L54: 1139.13 | M54: 1659.7 | N54: 927.26 | O54: 862.29 | P54: 923.66 | Q54: 1274.66 | R54: 863.3 | S54: 775.8 | T54: 1655.67 | U54: 959 | V54: 829.39 | W54: 909.78 | X54: 888.95 | Y54: -1103.84 | Z54: 829.39 | AA54: 801.59 | AB54: 951.39 | AC54: 857.84 | AD54: 755 | AE54: 722.53 | AF54: 835.37 | AG54: 932.22 | AH54: 668.42 | AI54: 692.11 | AJ54: 742.6 | AK54: 624.3 | AL54: 872.56 | AM54: 988.85 | AN54: 701.4 | AO54: 567.45 | AP54: 791.62 | AQ54: 758.07 | AR54: 567.45 | AS54: 567.43 | AT54: 567.42 | AU54: 567.45 | AV54: 580.57 | AW54: 623.71 | AX54: 227.22
A55: SEGURIDAD SOCIAL TRABAJADOR | D55: 209.04 | E55: 235.96 | F55: 204.39 | G55: 191.99 | H55: 167.69 | I55: 341.92 | J55: 195.99 | K55: 205.59 | L55: 230.3 | M55: 335.53 | N55: 187.46 | O55: 174.33 | P55: 186.74 | Q55: 257.7 | R55: 174.55 | S55: 156.85 | T55: 334.72 | U55: 0 | V55: 167.69 | W55: 183.93 | X55: 179.74 | Y55: 158.2 | Z55: 167.69 | AA55: 162.07 | AB55: 192.36 | AC55: 173.44 | AD55: 152.64 | AE55: 146.08 | AF55: 168.89 | AG55: 188.47 | AH55: 135.15 | AI55: 139.93 | AJ55: 150.13 | AK55: 104.39 | AL55: 176.41 | AM55: 199.92 | AN55: 141.81 | AO55: 114.74 | AP55: 160.03 | AQ55: 153.27 | AR55: 114.74 | AS55: 114.72 | AT55: 0 | AU55: 114.74 | AV55: 117.38 | AW55: 126.1 | AX55: 45.94
A56: SEGURIDAD SOCIAL TOTAL | D56: 1418.81 | E56: 1403 | F56: 1215.36 | G56: 1141.66 | H56: 997.08 | I56: 2033.87 | J56: 1165.37 | K56: 1222.53 | L56: 1369.43 | M56: 1995.23 | N56: 1114.72 | O56: 1036.62 | P56: 1110.4 | Q56: 1532.36 | R56: 1037.85 | S56: 932.65 | T56: 1990.39 | U56: 959 | V56: 997.08 | W56: 1093.71 | X56: 1068.69 | Y56: -945.64 | Z56: 997.08 | AA56: 963.66 | AB56: 1143.75 | AC56: 1031.28 | AD56: 907.64 | AE56: 868.61 | AF56: 1004.26 | AG56: 1120.69 | AH56: 803.57 | AI56: 832.04 | AJ56: 892.73 | AK56: 728.69 | AL56: 1048.97 | AM56: 1188.77 | AN56: 843.21 | AO56: 682.19 | AP56: 951.65 | AQ56: 911.34 | AR56: 682.19 | AS56: 682.15 | AT56: 567.42 | AU56: 682.19 | AV56: 697.95 | AW56: 749.81 | AX56: 273.16
A57: COSTE COLAB. VOLUNTARIA | D57: 0 | E57: 0 | F57: 0 | G57: 0 | H57: 0 | I57: 0 | J57: 0 | K57: 0 | L57: 0 | M57: 0 | N57: 0 | O57: 0 | P57: 0 | Q57: 0 | R57: 0 | S57: 0 | T57: 0 | U57: 0 | V57: 0 | W57: 0 | X57: 0 | Y57: 0 | Z57: 0 | AA57: 0 | AB57: 0 | AC57: 0 | AD57: 0 | AE57: 0 | AF57: 0 | AG57: 0 | AH57: 0 | AI57: 0 | AJ57: 0 | AK57: 0 | AL57: 0 | AM57: 0 | AN57: 0 | AO57: 0 | AP57: 0 | AQ57: 0 | AR57: 0 | AS57: 0 | AT57: 0 | AU57: 0 | AV57: 0 | AW57: 0 | AX57: 0
A58: APORTAC. SERVICIOS COMUNES | D58: 0 | E58: 0 | F58: 0 | G58: 0 | H58: 0 | I58: 0 | J58: 0 | K58: 0 | L58: 0 | M58: 0 | N58: 0 | O58: 0 | P58: 0 | Q58: 0 | R58: 0 | S58: 0 | T58: 0 | U58: 0 | V58: 0 | W58: 0 | X58: 0 | Y58: 0 | Z58: 0 | AA58: 0 | AB58: 0 | AC58: 0 | AD58: 0 | AE58: 0 | AF58: 0 | AG58: 0 | AH58: 0 | AI58: 0 | AJ58: 0 | AK58: 0 | AL58: 0 | AM58: 0 | AN58: 0 | AO58: 0 | AP58: 0 | AQ58: 0 | AR58: 0 | AS58: 0 | AT58: 0 | AU58: 0 | AV58: 0 | AW58: 0 | AX58: 0
A59: COSTE EMPRESA | D59: =D41+D54 -> 4430.25 | E59: =E41+E54 -> 4805.48 | F59: =F41+F54 -> 4167.14 | G59: =G41+G54 -> 3903.5 | H59: =H41+H54 -> 3412.92 | I59: =I41+I54 -> 11489.1 | J59: =J41+J54 -> 3988.59 | K59: =K41+K54 -> 4184.3 | ... AX59: =AX41+AX54 -> 933.96
A60: BASE CONTINGENCIAS COMUNES | D60: 3762.95 | E60: 3630.01 | F60: 3144.53 | G60: 2953.83 | H60: 2579.77 | I60: 5101.2 | J60: 3015.17 | K60: 3163.08 | L60: 3543.15 | M60: 5101.2 | N60: 2884.12 | O60: 2682.09 | P60: 2872.96 | Q60: 3964.72 | R60: 2685.22 | S60: 2413.09 | T60: 5101.2 | U60: 2982.9 | V60: 2579.76 | W60: 2829.76 | X60: 2765 | Y60: 2433.9 | Z60: 2579.76 | AA60: 2493.3 | AB60: 2959.28 | AC60: 2668.25 | AD60: 2348.33 | AE60: 2247.37 | AF60: 2598.33 | AG60: 2899.54 | AH60: 2079.13 | AI60: 2152.76 | AJ60: 2309.76 | AK60: 1941.85 | AL60: 2714 | AM60: 3075.73 | AN60: 2181.67 | AO60: 1765 | AP60: 2462.2 | AQ60: 2357.93 | AR60: 1765 | AS60: 1764.99 | AT60: 1764.9 | AU60: 1765 | AV60: 1805.83 | AW60: 1940 | AX60: 706.74
A61: BASE ACCIDENTES | D61: 3762.95 | E61: 3630.01 | F61: 3144.53 | G61: 2953.83 | H61: 2579.77 | I61: 5101.2 | J61: 3015.17 | K61: 3163.08 | L61: 3543.15 | M61: 5101.2 | N61: 2884.12 | O61: 2682.09 | P61: 2872.96 | Q61: 3964.72 | R61: 2685.22 | S61: 2413.09 | T61: 5101.2 | U61: 2982.9 | V61: 2579.76 | W61: 2829.76 | X61: 2765 | Y61: 2433.9 | Z61: 2579.76 | AA61: 2493.3 | AB61: 2959.28 | AC61: 2668.25 | AD61: 2348.33 | AE61: 2247.37 | AF61: 2598.33 | AG61: 2899.54 | AH61: 2079.13 | AI61: 2152.76 | AJ61: 2309.76 | AK61: 1941.85 | AL61: 2714 | AM61: 3075.73 | AN61: 2181.67 | AO61: 1765 | AP61: 2462.2 | AQ61: 2357.93 | AR61: 1765 | AS61: 1764.99 | AT61: 1764.9 | AU61: 1765 | AV61: 1805.83 | AW61: 1940 | AX61: 706.74
A62: BASE I.R.P.F. DINERARIA | D62: 2951.01 | E62: 3333.34 | F62: 2373.03 | G62: 2848.33 | H62: 2164.42 | I62: 9287.65 | J62: 2765.01 | K62: 2878.32 | L62: 3348.34 | M62: 6681.66 | N62: 2515.01 | O62: 2348.33 | P62: 2765 | Q62: 3681.66 | R62: 2500 | S62: 2143.58 | T62: 6230.23 | U62: 0 | V62: 2309.54 | W62: 2191.33 | X62: 2737.78 | Y62: 1901.35 | Z62: 1708.28 | AA62: 2348.33 | AB62: 2765 | AC62: 2515 | AD62: 1651.72 | AE62: 2152.51 | AF62: 2395.75 | AG62: 2802.5 | AH62: 2015 | AI62: 2015 | AJ62: 2015 | AK62: 1482.13 | AL62: 2479.71 | AM62: 2848.33 | AN62: 2136.62 | AO62: 1650.47 | AP62: 2200.3 | AQ62: 2348.33 | AR62: 1765 | AS62: 1764.99 | AT62: 0 | AU62: 1755 | AV62: 1773.13 | AW62: 1940 | AX62: 706.74
A63: BASE I.R.P.F. ESPECIES | D63: 23.09 | E63: 46.18 | F63: 69.27 | G63: 0 | H63: 23.09 | I63: 92.36 | J63: 23.09 | K63: 23.09 | L63: 0 | M63: 46.18 | N63: 23.09 | O63: 23.09 | P63: 23.09 | Q63: 23.09 | R63: 23.09 | S63: 23.09 | T63: 69.27 | U63: 0 | V63: 23.09 | W63: 23.09 | X63: 0 | Y63: 23.09 | Z63: 23.09 | AA63: 0 | AB63: 69.27 | AC63: 23.09 | AD63: 0 | AE63: 23.09 | AF63: 0 | AG63: 0 | AH63: 0 | AI63: 0 | AJ63: 23.09 | AK63: 0 | AL63: 0 | AM63: 0 | AN63: 0 | AO63: 0 | AP63: 0 | AQ63: 0 | AR63: 0 | AS63: 0 | AT63: 0 | AU63: 0 | AV63: 0 | AW63: 0 | AX63: 0
A64: BASE I.R.P.F. IRREGULAR | D64: 0 | E64: 0 | F64: 0 | G64: 0 | H64: 0 | I64: 0 | J64: 0 | K64: 0 | L64: 0 | M64: 0 | N64: 0 | O64: 0 | P64: 0 | Q64: 0 | R64: 0 | S64: 0 | T64: 0 | U64: 0 | V64: 0 | W64: 0 | X64: 0 | Y64: 0 | Z64: 0 | AA64: 0 | AB64: 0 | AC64: 0 | AD64: 0 | AE64: 0 | AF64: 0 | AG64: 0 | AH64: 0 | AI64: 0 | AJ64: 0 | AK64: 0 | AL64: 0 | AM64: 0 | AN64: 0 | AO64: 0 | AP64: 0 | AQ64: 0 | AR64: 0 | AS64: 0 | AT64: 0 | AU64: 0 | AV64: 0 | AW64: 0 | AX64: 0
A65: HORAS EXTRAS NORMALES | D65: 0 | E65: 0 | F65: 0 | G65: 0 | H65: 0 | I65: 0 | J65: 0 | K65: 0 | L65: 0 | M65: 0 | N65: 0 | O65: 0 | P65: 0 | Q65: 0 | R65: 0 | S65: 0 | T65: 0 | U65: 0 | V65: 0 | W65: 0 | X65: 0 | Y65: 0 | Z65: 0 | AA65: 0 | AB65: 0 | AC65: 0 | AD65: 0 | AE65: 0 | AF65: 0 | AG65: 0 | AH65: 0 | AI65: 0 | AJ65: 0 | AK65: 0 | AL65: 0 | AM65: 0 | AN65: 0 | AO65: 0 | AP65: 0 | AQ65: 0 | AR65: 0 | AS65: 0 | AT65: 0 | AU65: 0 | AV65: 0 | AW65: 0 | AX65: 0
A66: HORAS EXTRAS ESTRUCTURALES | D66: 0 | E66: 0 | F66: 0 | G66: 0 | H66: 0 | I66: 0 | J66: 0 | K66: 0 | L66: 0 | M66: 0 | N66: 0 | O66: 0 | P66: 0 | Q66: 0 | R66: 0 | S66: 0 | T66: 0 | U66: 0 | V66: 0 | W66: 0 | X66: 0 | Y66: 0 | Z66: 0 | AA66: 0 | AB66: 0 | AC66: 0 | AD66: 0 | AE66: 0 | AF66: 0 | AG66: 0 | AH66: 0 | AI66: 0 | AJ66: 0 | AK66: 0 | AL66: 0 | AM66: 0 | AN66: 0 | AO66: 0 | AP66: 0 | AQ66: 0 | AR66: 0 | AS66: 0 | AT66: 0 | AU66: 0 | AV66: 0 | AW66: 0 | AX66: 0
A67: HORAS PRESENCIA | D67: 128 | E67: 160 | F67: 160 | G67: 160 | H67: 160 | I67: 160 | J67: 160 | K67: 160 | L67: 160 | M67: 160 | N67: 160 | O67: 160 | P67: 160 | Q67: 160 | R67: 160 | S67: 160 | T67: 160 | U67: 0 | V67: 160 | W67: 160 | X67: 160 | Y67: 0 | Z67: 160 | AA67: 160 | AB67: 160 | AC67: 160 | AD67: 160 | AE67: 160 | AF67: 160 | AG67: 160 | AH67: 160 | AI67: 160 | AJ67: 160 | AK67: 120 | AL67: 160 | AM67: 160 | AN67: 160 | AO67: 160 | AP67: 160 | AQ67: 160 | AR67: 160 | AS67: 160 | AT67: 0 | AU67: 160 | AV67: 160 | AW67: 160 | AX67: 80
A68: DIAS DESEMPLEO PARCIAL | D68: 0 | E68: 0 | F68: 0 | G68: 0 | H68: 0 | I68: 0 | J68: 0 | K68: 0 | L68: 0 | M68: 0 | N68: 0 | O68: 0 | P68: 0 | Q68: 0 | R68: 0 | S68: 0 | T68: 0 | U68: 0 | V68: 0 | W68: 0 | X68: 0 | Y68: 0 | Z68: 0 | AA68: 0 | AB68: 0 | AC68: 0 | AD68: 0 | AE68: 0 | AF68: 0 | AG68: 0 | AH68: 0 | AI68: 0 | AJ68: 0 | AK68: 0 | AL68: 0 | AM68: 0 | AN68: 0 | AO68: 0 | AP68: 0 | AQ68: 0 | AR68: 0 | AS68: 0 | AT68: 0 | AU68: 0 | AV68: 0 | AW68: 0 | AX68: 0
A69: IMPORTE BONIFICACION | D69: 0 | E69: 0 | F69: 0 | G69: 0 | H69: 0 | I69: 0 | J69: 0 | K69: 0 | L69: 0 | M69: 0 | N69: 0 | O69: 0 | P69: 0 | Q69: 0 | R69: 0 | S69: 0 | T69: 0 | U69: 0 | V69: 0 | W69: 0 | X69: 0 | Y69: 0 | Z69: 0 | AA69: 0 | AB69: 0 | AC69: 0 | AD69: 0 | AE69: 0 | AF69: 0 | AG69: 0 | AH69: 0 | AI69: 0 | AJ69: 0 | AK69: 0 | AL69: 0 | AM69: 0 | AN69: 0 | AO69: 0 | AP69: 0 | AQ69: 0 | AR69: 0 | AS69: 0 | AT69: 0 | AU69: 0 | AV69: 0 | AW69: 0 | AX69: 0
A70: DIAS COTIZADOS | D70: 30 | E70: 30 | F70: 30 | G70: 30 | H70: 30 | I70: 30 | J70: 30 | K70: 30 | L70: 30 | M70: 30 | N70: 30 | O70: 30 | P70: 30 | Q70: 30 | R70: 30 | S70: 30 | T70: 30 | U70: 30 | V70: 30 | W70: 30 | X70: 30 | Y70: 30 | Z70: 30 | AA70: 30 | AB70: 30 | AC70: 30 | AD70: 30 | AE70: 30 | AF70: 30 | AG70: 30 | AH70: 30 | AI70: 30 | AJ70: 30 | AK70: 30 | AL70: 30 | AM70: 30 | AN70: 30 | AO70: 30 | AP70: 30 | AQ70: 30 | AR70: 30 | AS70: 30 | AT70: 30 | AU70: 30 | AV70: 30 | AW70: 30 | AX70: 13

Sheet 6
A2: Moneda: Euro | D2: 03 PLANNING CENTER
A3: PAGA TOTAL
A4: DEL 01/01/26 AL 31/01/26 | D4: TOTAL
A5: Empresa: 4008-DSD PLANNING CENTER S.L. NIF: B86563285 | D5: PLANNING CENTER
A9: CONCEPTO
B11: 1 | C11: Salario Base | D11: =SUM('5'!$D$11:$AY$11) -> 67164.8
B12: 3 | C12: Mejora Voluntaria | D12: =SUM('5'!$D$12:$AY$12) -> 33903.17
B13: 8 | C13: Plus Actividad | D13: =SUM('5'!$D$13:$AY$13) -> 8.13
B14: 51 | C14: Complemento Especialidad | D14: =SUM('5'!$D$14:$AY$14) -> 1100
B15: 53 | C15: Plus Nocturnidad | D15: =SUM('5'!$D$15:$AY$15) -> 825.01
B16: 63 | C16: Complemento de puesto te | D16: =SUM('5'!$D$16:$AY$16) -> 258.3
B17: 65 | C17: Complemento Puesto | D17: =SUM('5'!$D$17:$AY$17) -> 666.66
B18: 123 | C18: Prorrata PP. Extras | D18: =SUM('5'!$D$18:$AY$18) -> 11217.96
B19: 181 | C19: Plus Cumplimiento Objeti | D19: =SUM('5'!$D$19:$AY$19) -> 699
B20: 275 | C20: Teletrabajo | D20: =SUM('5'!$D$20:$AY$20) -> 615
B21: 276 | C21: Descuento Comida Flex | D21: =SUM('5'!$D$21:$AY$21) -> -2452.74
B22: 277 | C22: Descuento Transp Flex | D22: =SUM('5'!$D$22:$AY$22) -> -472.82
B23: 278 | C23: Descuento Guard Flex | D23: =SUM('5'!$D$23:$AY$23) -> -1264.01
B24: 280 | C24: Descuento Seg Medico Fle | D24: =SUM('5'!$D$24:$AY$24) -> -46.45
B25: 283 | C25: Descuento Formacion Flex | D25: =SUM('5'!$D$25:$AY$25) -> -722.02
B26: 337 | C26: Comida Flex (Exenta) | D26: =SUM('5'!$D$26:$AY$26) -> 2452.74
B27: 338 | C27: Formación Flex (exento) | D27: =SUM('5'!$D$27:$AY$27) -> 722.02
B28: 339 | C28: Comida B. Social (Exent | D28: =SUM('5'!$D$28:$AY$28) -> 2929.78
B29: 343 | C29: Transporte Flex (Exento) | D29: =SUM('5'!$D$29:$AY$29) -> 472.82
B30: 345 | C30: Transporte B.S (Exento) | D30: =SUM('5'!$D$30:$AY$30) -> 399.9
B31: 349 | C31: Guarderia Flex (Exento) | D31: =SUM('5'!$D$31:$AY$31) -> 1264.01
B32: 352 | C32: Seguro Salud Flex (Exent | D32: =SUM('5'!$D$32:$AY$32) -> 46.45
B33: 353 | C33: Seguro Médico B.S.(Exent | D33: =SUM('5'!$D$33:$AY$33) -> 1370.33
B34: 355 | C34: Seguro Salud Flex (No Ex | D34: =SUM('5'!$D$34:$AY$34) -> 115.45
B35: 356 | C35: Seguro Médico B.S. (No E | D35: =SUM('5'!$D$35:$AY$35) -> 669.61
B36: 357 | C36: Descuento Seg flex (No e | D36: =SUM('5'!$D$36:$AY$36) -> -115.45
B37: 398 | C37: Plus Transporte | D37: =SUM('5'!$D$37:$AY$37) -> 5918.87
B38: 451 | C38: Enfermedad | D38: =SUM('5'!$D$38:$AY$38) -> 1886.35
B39: 988 | C39: Imp.Ingr. a Cta. Esp. Cg | D39: =SUM('5'!$D$39:$AY$39) -> 159.65
A41: TOTAL BRUTO | D41: =SUM('5'!$D$41:$AY$41) -> 129792.52
B43: 789 | C43: Dcto.Conceptos en Especi | D43: =SUM('5'!$D$43:$AY$43) -> 10443.11
B44: 989 | C44: Imp.Ingr.a Cta.Valores E | D44: =SUM('5'!$D$44:$AY$44) -> 159.65
B45: 995 | C45: COTIZACION CONT.COMUNES | D45: =SUM('5'!$D$45:$AY$45) -> 5929.88
B46: 996 | C46: COTIZACION FORMACION PRO | D46: =SUM('5'!$D$46:$AY$46) -> 121.91
B47: 997 | C47: COTIZACION DESEMPLEO | D47: =SUM('5'!$D$47:$AY$47) -> 1889.56
B48: 999 | C48: TRIBUTACION I.R.P.F. | D48: =SUM('5'!$D$48:$AY$48) -> 21998.83
A50: TOTAL DEDUCCIONES | D50: =SUM('5'!$D$50:$AY$50) -> 40542.94
A52: TOTAL LIQUIDO | D52: =SUM('5'!$D$52:$AY$52) -> 89249.58
A53: PRORRATA PAGAS EXTRAS | D53: =SUM('5'!$D$53:$AY$53) -> 0
A54: SEGURIDAD SOCIAL EMPRESA | D54: =SUM('5'!$D$54:$AY$54) -> 39203.82
A55: SEGURIDAD SOCIAL TRABAJADOR | D55: =SUM('5'!$D$55:$AY$55) -> 7941.35
A56: SEGURIDAD SOCIAL TOTAL | D56: =SUM('5'!$D$56:$AY$56) -> 47145.17
A57: COSTE COLAB. VOLUNTARIA | D57: =SUM('5'!$D$57:$AY$57) -> 0
A58: APORTAC. SERVICIOS COMUNES | D58: =SUM('5'!$D$58:$AY$58) -> 0
A59: COSTE EMPRESA | D59: =SUM('5'!$D$59:$AY$59) -> 168996.34
A60: BASE CONTINGENCIAS COMUNES | D60: =SUM('5'!$D$60:$AY$60) -> 127536.26
A61: BASE ACCIDENTES | D61: =SUM('5'!$D$61:$AY$61) -> 127536.26
A62: BASE I.R.P.F. DINERARIA | D62: =SUM('5'!$D$62:$AY$62) -> 119189.76
A63: BASE I.R.P.F. ESPECIES | D63: =SUM('5'!$D$63:$AY$63) -> 785.06
A64: BASE I.R.P.F. IRREGULAR | D64: =SUM('5'!$D$64:$AY$64) -> 0
A65: HORAS EXTRAS NORMALES | D65: =SUM('5'!$D$65:$AY$65) -> 0
A66: HORAS EXTRAS ESTRUCTURALES | D66: =SUM('5'!$D$66:$AY$66) -> 0
A67: HORAS PRESENCIA | D67: =SUM('5'!$D$67:$AY$67) -> 6888
A68: DIAS DESEMPLEO PARCIAL | D68: =SUM('5'!$D$68:$AY$68) -> 0
A69: IMPORTE BONIFICACION | D69: =SUM('5'!$D$69:$AY$69) -> 0
A70: DIAS COTIZADOS | D70: =SUM('5'!$D$70:$AY$70) -> 1393
A71: TOTAL TRABAJADORES | D71: 47

Sheet 7
A2: Moneda: Euro | D2: 04 CORPORATE FUNCTIONS
A3: PAGA TOTAL
A4: DEL 01/01/26 AL 31/01/26 | D4: 000019 | E4: 000042 | F4: 000069 | G4: 000100 | H4: 000162 | I4: 000200
A5: Empresa: 4008-DSD PLANNING CENTER S.L. NIF: B86563285 | D5: HERNANDEZ | E5: GOUVEA | F5: EVANGELISTA | G5: CALLE | H5: MACDONALD | I5: SOLLA
D6: ALMELA | E6: AGRA | F6: VALERIA | G6: CUESTA | H6: BRENDON | I6: SANCHEZ
D7: SOFIA | E7: FERNANDO | F7: LORENA | G7: IRMA | I7: CARLOTA
A9: CONCEPTO
B11: 1 | C11: Salario Base | D11: 2000 | E11: 3500 | F11: 1122 | G11: 1800 | H11: 6000 | I11: 2000
B12: 3 | C12: Mejora Voluntaria | D12: 278.9 | E12: 2445.57 | F12: 553.93 | G12: 200.81 | H12: 3700.5 | I12: 862.24
B13: 8 | C13: Plus Actividad | F13: 91.43
B14: 123 | C14: Prorrata PP. Extras | D14: 333.34 | E14: 583.34 | F14: 187 | G14: 300 | H14: 1000 | I14: 333.34
B15: 275 | C15: Teletrabajo | D15: 15 | E15: 15 | F15: 15 | G15: 15 | H15: 15 | I15: 15
B16: 276 | C16: Descuento Comida Flex | H16: -220
B17: 277 | C17: Descuento Transp Flex | H17: -67.4
B18: 280 | C18: Descuento Seg Medico Fle | H18: -18.58
B19: 337 | C19: Comida Flex (Exenta) | H19: 220
B20: 339 | C20: Comida B. Social (Exent | D20: 220 | E20: 220 | F20: 220 | G20: 210.23 | I20: 169.91
B21: 343 | C21: Transporte Flex (Exento) | H21: 67.4
B22: 345 | C22: Transporte B.S (Exento) | D22: 49.2 | E22: 9.6 | F22: 38.2 | G22: 27.65 | I22: 7.3
B23: 352 | C23: Seguro Salud Flex (Exent | H23: 18.58
B24: 353 | C24: Seguro Médico B.S.(Exent | D24: 41.67 | E24: 41.67 | F24: 41.67 | G24: 41.67 | H24: 106.43 | I24: 41.67
B25: 355 | C25: Seguro Salud Flex (No Ex | H25: 46.18
B26: 356 | C26: Seguro Médico B.S. (No E | D26: 23.09 | E26: 23.09 | F26: 23.09 | G26: 23.09 | H26: 23.09 | I26: 23.09
B27: 357 | C27: Descuento Seg flex (No e | H27: -46.18
B28: 398 | C28: Plus Transporte | D28: 137.76 | E28: 137.76 | F28: 137.06 | G28: 99.19 | H28: 137.06 | I28: 137.76
B29: 988 | C29: Imp.Ingr. a Cta. Esp. Cg | D29: 4.03 | E29: 6.68 | F29: 3.13 | G29: 3.68 | H29: 24.02 | I29: 4.47
A31: TOTAL BRUTO | D31: =SUM(D11:D30) -> 3102.99 | E31: =SUM(E11:E30) -> 6982.71 | F31: =SUM(F11:F30) -> 2432.51 | G31: =SUM(G11:G30) -> 2721.32 | H31: =SUM(H11:H30) -> 11006.1 | I31: =SUM(I11:I30) -> 3594.78
B33: 789 | C33: Dcto.Conceptos en Especi | D33: 333.96 | E33: 294.36 | F33: 322.96 | G33: 302.64 | H33: 481.68 | I33: 241.97
B34: 989 | C34: Imp.Ingr.a Cta.Valores E | D34: 4.03 | E34: 6.68 | F34: 3.13 | G34: 3.68 | H34: 24.02 | I34: 4.47
B35: 995 | C35: COTIZACION CONT.COMUNES | D35: 150.3 | E35: 251.25 | F35: 117.82 | G35: 131.81 | H35: 260.66 | I35: 174.13
B36: 996 | C36: COTIZACION FORMACION PRO | D36: 3.1 | E36: 5.1 | F36: 2.43 | G36: 2.72 | H36: 5.1 | I36: 3.59
B37: 997 | C37: COTIZACION DESEMPLEO | D37: 48.03 | E37: 79.07 | F37: 37.66 | G37: 42.12 | H37: 79.07 | I37: 55.65
B38: 999 | C38: TRIBUTACION I.R.P.F. | D38: 483.05 | E38: 1933.01 | F38: 285.63 | G38: 384.71 | H38: 3640.49 | I38: 648.24
A40: TOTAL DEDUCCIONES | D40: =SUM(D32:D39) -> 1022.47 | E40: =SUM(E32:E39) -> 2569.47 | F40: =SUM(F32:F39) -> 769.63 | G40: =SUM(G32:G39) -> 867.68 | H40: =SUM(H32:H39) -> 4491.02 | I40: =SUM(I32:I39) -> 1128.05
A42: TOTAL LIQUIDO | D42: =(D31-D40) -> 2080.52 | E42: =(E31-E40) -> 4413.24 | F42: =(F31-F40) -> 1662.88 | G42: =(G31-G40) -> 1853.64 | H42: =(H31-H40) -> 6515.08 | I42: =(I31-I40) -> 2466.73
A43: PRORRATA PAGAS EXTRAS | D43: 0 | E43: 0 | F43: 0 | G43: 0 | H43: 0 | I43: 0
A44: SEGURIDAD SOCIAL EMPRESA | D44: 996.32 | E44: 1659.12 | F44: 781.05 | G44: 873.71 | H44: 1706.78 | I44: 1154.28
A45: SEGURIDAD SOCIAL TRABAJADOR | D45: 201.43 | E45: 335.42 | F45: 157.91 | G45: 176.65 | H45: 344.83 | I45: 233.37
A46: SEGURIDAD SOCIAL TOTAL | D46: 1197.75 | E46: 1994.54 | F46: 938.96 | G46: 1050.36 | H46: 2051.61 | I46: 1387.65
A47: COSTE COLAB. VOLUNTARIA | D47: 0 | E47: 0 | F47: 0 | G47: 0 | H47: 0 | I47: 0
A48: APORTAC. SERVICIOS COMUNES | D48: 0 | E48: 0 | F48: 0 | G48: 0 | H48: 0 | I48: 0
A49: COSTE EMPRESA | D49: =D31+D44 -> 4099.31 | E49: =E31+E44 -> 8641.83 | F49: =F31+F44 -> 3213.56 | G49: =G31+G44 -> 3595.03 | H49: =H31+H44 -> 12712.88 | I49: =I31+I44 -> 4749.06
A50: BASE CONTINGENCIAS COMUNES | D50: 3098.96 | E50: 5101.2 | F50: 2429.38 | G50: 2717.64 | H50: 5101.2 | I50: 3590.31
A51: BASE ACCIDENTES | D51: 3098.96 | E51: 5101.2 | F51: 2429.38 | G51: 2717.64 | H51: 5101.2 | I51: 3590.31
A52: BASE I.R.P.F. DINERARIA | D52: 2765 | E52: 6681.67 | F52: 2106.42 | G52: 2415 | H52: 10500.4 | I52: 3348.34
A53: BASE I.R.P.F. ESPECIES | D53: 23.09 | E53: 23.09 | F53: 23.09 | G53: 23.09 | H53: 69.27 | I53: 23.09
A54: BASE I.R.P.F. IRREGULAR | D54: 0 | E54: 0 | F54: 0 | G54: 0 | H54: 0 | I54: 0
A55: HORAS EXTRAS NORMALES | D55: 0 | E55: 0 | F55: 0 | G55: 0 | H55: 0 | I55: 0
A56: HORAS EXTRAS ESTRUCTURALES | D56: 0 | E56: 0 | F56: 0 | G56: 0 | H56: 0 | I56: 0
A57: HORAS PRESENCIA | D57: 160 | E57: 160 | F57: 160 | G57: 115.2 | H57: 160 | I57: 160
A58: DIAS DESEMPLEO PARCIAL | D58: 0 | E58: 0 | F58: 0 | G58: 0 | H58: 0 | I58: 0
A59: IMPORTE BONIFICACION | D59: 0 | E59: 0 | F59: 0 | G59: 0 | H59: 0 | I59: 0
A60: DIAS COTIZADOS | D60: 30 | E60: 30 | F60: 30 | G60: 30 | H60: 30 | I60: 30

Sheet 8
A2: Moneda: Euro | D2: 04 CORPORATE FUNCTIONS
A3: PAGA TOTAL
A4: DEL 01/01/26 AL 31/01/26 | D4: TOTAL
A5: Empresa: 4008-DSD PLANNING CENTER S.L. NIF: B86563285 | D5: CORPORATE FUNCTIONS
A9: CONCEPTO
B11: 1 | C11: Salario Base | D11: =SUM('7'!$D$11:$J$11) -> 16422
B12: 3 | C12: Mejora Voluntaria | D12: =SUM('7'!$D$12:$J$12) -> 8041.95
B13: 8 | C13: Plus Actividad | D13: =SUM('7'!$D$13:$J$13) -> 91.43
B14: 123 | C14: Prorrata PP. Extras | D14: =SUM('7'!$D$14:$J$14) -> 2737.02
B15: 275 | C15: Teletrabajo | D15: =SUM('7'!$D$15:$J$15) -> 90
B16: 276 | C16: Descuento Comida Flex | D16: =SUM('7'!$D$16:$J$16) -> -220
B17: 277 | C17: Descuento Transp Flex | D17: =SUM('7'!$D$17:$J$17) -> -67.4
B18: 280 | C18: Descuento Seg Medico Fle | D18: =SUM('7'!$D$18:$J$18) -> -18.58
B19: 337 | C19: Comida Flex (Exenta) | D19: =SUM('7'!$D$19:$J$19) -> 220
B20: 339 | C20: Comida B. Social (Exent | D20: =SUM('7'!$D$20:$J$20) -> 1040.14
B21: 343 | C21: Transporte Flex (Exento) | D21: =SUM('7'!$D$21:$J$21) -> 67.4
B22: 345 | C22: Transporte B.S (Exento) | D22: =SUM('7'!$D$22:$J$22) -> 131.95
B23: 352 | C23: Seguro Salud Flex (Exent | D23: =SUM('7'!$D$23:$J$23) -> 18.58
B24: 353 | C24: Seguro Médico B.S.(Exent | D24: =SUM('7'!$D$24:$J$24) -> 314.78
B25: 355 | C25: Seguro Salud Flex (No Ex | D25: =SUM('7'!$D$25:$J$25) -> 46.18
B26: 356 | C26: Seguro Médico B.S. (No E | D26: =SUM('7'!$D$26:$J$26) -> 138.54
B27: 357 | C27: Descuento Seg flex (No e | D27: =SUM('7'!$D$27:$J$27) -> -46.18
B28: 398 | C28: Plus Transporte | D28: =SUM('7'!$D$28:$J$28) -> 786.59
B29: 988 | C29: Imp.Ingr. a Cta. Esp. Cg | D29: =SUM('7'!$D$29:$J$29) -> 46.01
A31: TOTAL BRUTO | D31: =SUM('7'!$D$31:$J$31) -> 29840.41
B33: 789 | C33: Dcto.Conceptos en Especi | D33: =SUM('7'!$D$33:$J$33) -> 1977.57
B34: 989 | C34: Imp.Ingr.a Cta.Valores E | D34: =SUM('7'!$D$34:$J$34) -> 46.01
B35: 995 | C35: COTIZACION CONT.COMUNES | D35: =SUM('7'!$D$35:$J$35) -> 1085.97
B36: 996 | C36: COTIZACION FORMACION PRO | D36: =SUM('7'!$D$36:$J$36) -> 22.04
B37: 997 | C37: COTIZACION DESEMPLEO | D37: =SUM('7'!$D$37:$J$37) -> 341.6
B38: 999 | C38: TRIBUTACION I.R.P.F. | D38: =SUM('7'!$D$38:$J$38) -> 7375.13
A40: TOTAL DEDUCCIONES | D40: =SUM('7'!$D$40:$J$40) -> 10848.32
A42: TOTAL LIQUIDO | D42: =SUM('7'!$D$42:$J$42) -> 18992.09
A43: PRORRATA PAGAS EXTRAS | D43: =SUM('7'!$D$43:$J$43) -> 0
A44: SEGURIDAD SOCIAL EMPRESA | D44: =SUM('7'!$D$44:$J$44) -> 7171.26
A45: SEGURIDAD SOCIAL TRABAJADOR | D45: =SUM('7'!$D$45:$J$45) -> 1449.61
A46: SEGURIDAD SOCIAL TOTAL | D46: =SUM('7'!$D$46:$J$46) -> 8620.87
A47: COSTE COLAB. VOLUNTARIA | D47: =SUM('7'!$D$47:$J$47) -> 0
A48: APORTAC. SERVICIOS COMUNES | D48: =SUM('7'!$D$48:$J$48) -> 0
A49: COSTE EMPRESA | D49: =SUM('7'!$D$49:$J$49) -> 37011.67
A50: BASE CONTINGENCIAS COMUNES | D50: =SUM('7'!$D$50:$J$50) -> 22038.69
A51: BASE ACCIDENTES | D51: =SUM('7'!$D$51:$J$51) -> 22038.69
A52: BASE I.R.P.F. DINERARIA | D52: =SUM('7'!$D$52:$J$52) -> 27816.83
A53: BASE I.R.P.F. ESPECIES | D53: =SUM('7'!$D$53:$J$53) -> 184.72
A54: BASE I.R.P.F. IRREGULAR | D54: =SUM('7'!$D$54:$J$54) -> 0
A55: HORAS EXTRAS NORMALES | D55: =SUM('7'!$D$55:$J$55) -> 0
A56: HORAS EXTRAS ESTRUCTURALES | D56: =SUM('7'!$D$56:$J$56) -> 0
A57: HORAS PRESENCIA | D57: =SUM('7'!$D$57:$J$57) -> 915.2
A58: DIAS DESEMPLEO PARCIAL | D58: =SUM('7'!$D$58:$J$58) -> 0
A59: IMPORTE BONIFICACION | D59: =SUM('7'!$D$59:$J$59) -> 0
A60: DIAS COTIZADOS | D60: =SUM('7'!$D$60:$J$60) -> 180
A61: TOTAL TRABAJADORES | D61: 6

Sheet 9
A2: Moneda: Euro | D2: 05 DELIGHT ROW
A3: PAGA TOTAL
A4: DEL 01/01/26 AL 31/01/26 | D4: 000011 | E4: 000158
A5: Empresa: 4008-DSD PLANNING CENTER S.L. NIF: B86563285 | D5: CABALLERO | E5: KURKA
D6: ESCOBAR | E6: BALTA
D7: CARMEN | E7: MARIA ELENA
A9: CONCEPTO
B11: 1 | C11: Salario Base | E11: 1100.76
B12: 3 | C12: Mejora Voluntaria | E12: 770.82
B13: 123 | C13: Prorrata PP. Extras | E13: 183.46
B14: 181 | C14: Plus Cumplimiento Objeti | E14: 1000
B15: 275 | C15: Teletrabajo | D15: 15 | E15: 15
B16: 339 | C16: Comida B. Social (Exent | E16: 177.8
B17: 345 | C17: Transporte B.S (Exento) | E17: 116.87
B18: 353 | C18: Seguro Médico B.S.(Exent | D18: 125.01
B19: 355 | C19: Seguro Salud Flex (No Ex | D19: 9.39
B20: 356 | C20: Seguro Médico B.S. (No E | D20: 59.88
B21: 357 | C21: Descuento Seg flex (No e | D21: -9.39
B22: 398 | C22: Plus Transporte | E22: 108.38
B23: 988 | C23: Imp.Ingr. a Cta. Esp. Cg | D23: 17.04
A25: TOTAL BRUTO | D25: =SUM(D11:D24) -> 216.93 | E25: =SUM(E11:E24) -> 3473.09
B27: 789 | C27: Dcto.Conceptos en Especi | D27: 194.28 | E27: 294.67
B28: 989 | C28: Imp.Ingr.a Cta.Valores E | D28: 17.04
B29: 995 | C29: COTIZACION CONT.COMUNES | E29: 168.45
B30: 996 | C30: COTIZACION FORMACION PRO | E30: 3.47
B31: 997 | C31: COTIZACION DESEMPLEO | E31: 53.83
B32: 999 | C32: TRIBUTACION I.R.P.F. | D32: 1.38 | E32: 491.7
A34: TOTAL DEDUCCIONES | D34: =SUM(D26:D33) -> 212.7 | E34: =SUM(E26:E33) -> 1012.12
A36: TOTAL LIQUIDO | D36: =(D25-D34) -> 4.23 | E36: =(E25-E34) -> 2460.97
A37: PRORRATA PAGAS EXTRAS | D37: 0 | E37: 0
A38: SEGURIDAD SOCIAL EMPRESA | D38: 1578.41 | E38: 1116.59
A39: SEGURIDAD SOCIAL TRABAJADOR | D39: 0 | E39: 225.75
A40: SEGURIDAD SOCIAL TOTAL | D40: 1578.41 | E40: 1342.34
A41: COSTE COLAB. VOLUNTARIA | D41: 0 | E41: 0
A42: APORTAC. SERVICIOS COMUNES | D42: 0 | E42: 0
A43: COSTE EMPRESA | D43: =D25+D38 -> 1795.34 | E43: =E25+E38 -> 4589.68
A44: BASE CONTINGENCIAS COMUNES | D44: 4909.5 | E44: 3473.09
A45: BASE ACCIDENTES | D45: 4909.5 | E45: 3473.09
A46: BASE I.R.P.F. DINERARIA | D46: 5.61 | E46: 3178.42
A47: BASE I.R.P.F. ESPECIES | D47: 69.27 | E47: 0
A48: BASE I.R.P.F. IRREGULAR | D48: 0 | E48: 0
A49: HORAS EXTRAS NORMALES | D49: 0 | E49: 0
A50: HORAS EXTRAS ESTRUCTURALES | D50: 0 | E50: 0
A51: HORAS PRESENCIA | D51: 0 | E51: 125.87
A52: DIAS DESEMPLEO PARCIAL | D52: 0 | E52: 0
A53: IMPORTE BONIFICACION | D53: 0 | E53: 0
A54: DIAS COTIZADOS | D54: 30 | E54: 30

Sheet 10
A2: Moneda: Euro | D2: 05 DELIGHT ROW
A3: PAGA TOTAL
A4: DEL 01/01/26 AL 31/01/26 | D4: TOTAL
A5: Empresa: 4008-DSD PLANNING CENTER S.L. NIF: B86563285 | D5: DELIGHT ROW
A9: CONCEPTO
B11: 1 | C11: Salario Base | D11: =SUM('9'!$D$11:$F$11) -> 1100.76
B12: 3 | C12: Mejora Voluntaria | D12: =SUM('9'!$D$12:$F$12) -> 770.82
B13: 123 | C13: Prorrata PP. Extras | D13: =SUM('9'!$D$13:$F$13) -> 183.46
B14: 181 | C14: Plus Cumplimiento Objeti | D14: =SUM('9'!$D$14:$F$14) -> 1000
B15: 275 | C15: Teletrabajo | D15: =SUM('9'!$D$15:$F$15) -> 30
B16: 339 | C16: Comida B. Social (Exent | D16: =SUM('9'!$D$16:$F$16) -> 177.8
B17: 345 | C17: Transporte B.S (Exento) | D17: =SUM('9'!$D$17:$F$17) -> 116.87
B18: 353 | C18: Seguro Médico B.S.(Exent | D18: =SUM('9'!$D$18:$F$18) -> 125.01
B19: 355 | C19: Seguro Salud Flex (No Ex | D19: =SUM('9'!$D$19:$F$19) -> 9.39
B20: 356 | C20: Seguro Médico B.S. (No E | D20: =SUM('9'!$D$20:$F$20) -> 59.88
B21: 357 | C21: Descuento Seg flex (No e | D21: =SUM('9'!$D$21:$F$21) -> -9.39
B22: 398 | C22: Plus Transporte | D22: =SUM('9'!$D$22:$F$22) -> 108.38
B23: 988 | C23: Imp.Ingr. a Cta. Esp. Cg | D23: =SUM('9'!$D$23:$F$23) -> 17.04
A25: TOTAL BRUTO | D25: =SUM('9'!$D$25:$F$25) -> 3690.02
B27: 789 | C27: Dcto.Conceptos en Especi | D27: =SUM('9'!$D$27:$F$27) -> 488.95
B28: 989 | C28: Imp.Ingr.a Cta.Valores E | D28: =SUM('9'!$D$28:$F$28) -> 17.04
B29: 995 | C29: COTIZACION CONT.COMUNES | D29: =SUM('9'!$D$29:$F$29) -> 168.45
B30: 996 | C30: COTIZACION FORMACION PRO | D30: =SUM('9'!$D$30:$F$30) -> 3.47
B31: 997 | C31: COTIZACION DESEMPLEO | D31: =SUM('9'!$D$31:$F$31) -> 53.83
B32: 999 | C32: TRIBUTACION I.R.P.F. | D32: =SUM('9'!$D$32:$F$32) -> 493.08
A34: TOTAL DEDUCCIONES | D34: =SUM('9'!$D$34:$F$34) -> 1224.82
A36: TOTAL LIQUIDO | D36: =SUM('9'!$D$36:$F$36) -> 2465.2
A37: PRORRATA PAGAS EXTRAS | D37: =SUM('9'!$D$37:$F$37) -> 0
A38: SEGURIDAD SOCIAL EMPRESA | D38: =SUM('9'!$D$38:$F$38) -> 2695
A39: SEGURIDAD SOCIAL TRABAJADOR | D39: =SUM('9'!$D$39:$F$39) -> 225.75
A40: SEGURIDAD SOCIAL TOTAL | D40: =SUM('9'!$D$40:$F$40) -> 2920.75
A41: COSTE COLAB. VOLUNTARIA | D41: =SUM('9'!$D$41:$F$41) -> 0
A42: APORTAC. SERVICIOS COMUNES | D42: =SUM('9'!$D$42:$F$42) -> 0
A43: COSTE EMPRESA | D43: =SUM('9'!$D$43:$F$43) -> 6385.02
A44: BASE CONTINGENCIAS COMUNES | D44: =SUM('9'!$D$44:$F$44) -> 8382.59
A45: BASE ACCIDENTES | D45: =SUM('9'!$D$45:$F$45) -> 8382.59
A46: BASE I.R.P.F. DINERARIA | D46: =SUM('9'!$D$46:$F$46) -> 3184.03
A47: BASE I.R.P.F. ESPECIES | D47: =SUM('9'!$D$47:$F$47) -> 69.27
A48: BASE I.R.P.F. IRREGULAR | D48: =SUM('9'!$D$48:$F$48) -> 0
A49: HORAS EXTRAS NORMALES | D49: =SUM('9'!$D$49:$F$49) -> 0
A50: HORAS EXTRAS ESTRUCTURALES | D50: =SUM('9'!$D$50:$F$50) -> 0
A51: HORAS PRESENCIA | D51: =SUM('9'!$D$51:$F$51) -> 125.87
A52: DIAS DESEMPLEO PARCIAL | D52: =SUM('9'!$D$52:$F$52) -> 0
A53: IMPORTE BONIFICACION | D53: =SUM('9'!$D$53:$F$53) -> 0
A54: DIAS COTIZADOS | D54: =SUM('9'!$D$54:$F$54) -> 60
A55: TOTAL TRABAJADORES | D55: 2

Sheet 11
A2: Moneda: Euro | D2: 07 LAB
A3: PAGA TOTAL
A4: DEL 01/01/26 AL 31/01/26 | D4: 000086 | E4: 000109 | F4: 000169 | G4: 000172 | H4: 000198 | I4: 000213 | J4: 000216
A5: Empresa: 4008-DSD PLANNING CENTER S.L. NIF: B86563285 | D5: DE PABLOS | E5: GARCIA | F5: GONZALEZ | G5: TOSTE | H5: COIMBRA | I5: ANTELO | J5: ODYNTSOVA
D6: MOYA | E6: PEREZ | F6: SALAZAR | G6: COELHO | H6: SANDRA | I6: GIL | J6: ANNA
D7: JOSE MARIA | E7: ESTHER | F7: CARLOS ENRIQ | G7: SEGUNDO ANGE | H7: ISAAK PRATES | I7: ALBERTO
A9: CONCEPTO
B11: 1 | C11: Salario Base | D11: 1500 | E11: 2000 | F11: 1474.96 | G11: 5000 | H11: 2666.8 | I11: 583.81 | J11: 1167.63
B12: 3 | C12: Mejora Voluntaria | D12: 453.8 | E12: 862.24 | F12: 1191.45 | G12: 1974.91 | H12: 1250.98 | I12: 125 | J12: 250.01
B13: 8 | C13: Plus Actividad | E13: 263.1 | H13: 793.93
B14: 25 | C14: Plus Puntualidad | D14: 29.53
B15: 53 | C15: Plus Nocturnidad | F15: 250
B16: 123 | C16: Prorrata PP. Extras | D16: 250 | E16: 333.34 | F16: 245.82 | G16: 833.34 | H16: 444.46 | I16: 103.78 | J16: 194.6
B17: 273 | C17: Complemento Protesico | D17: 100
B18: 275 | C18: Teletrabajo | F18: 15
B19: 276 | C19: Descuento Comida Flex | D19: -95.6 | E19: -29.1 | H19: -220 | J19: -53.7
B20: 277 | C20: Descuento Transp Flex | D20: -101.5 | H20: -40.2 | J20: -10
B21: 278 | C21: Descuento Guard Flex | D21: -530
B22: 280 | C22: Descuento Seg Medico Fle | D22: -9.29 | G22: -9.29
B23: 337 | C23: Comida Flex (Exenta) | D23: 95.6 | E23: 29.1 | H23: 220 | J23: 53.7
B24: 339 | C24: Comida B. Social (Exent | F24: 214.27
B25: 343 | C25: Transporte Flex (Exento) | D25: 101.5 | H25: 40.2 | J25: 10
B26: 349 | C26: Guarderia Flex (Exento) | D26: 530
B27: 352 | C27: Seguro Salud Flex (Exent | D27: 9.29 | G27: 9.29
B28: 353 | C28: Seguro Médico B.S.(Exent | D28: 74.05 | E28: 41.67 | F28: 41.67 | G28: 32.38
B29: 355 | C29: Seguro Salud Flex (No Ex | D29: 23.09 | G29: 23.09
B30: 356 | C30: Seguro Médico B.S. (No E | D30: 23.09 | E30: 23.09 | F30: 23.09
B31: 357 | C31: Descuento Seg flex (No e | D31: -23.09 | G31: -23.09
B32: 398 | C32: Plus Transporte | E32: 137.76 | F32: 137.76 | G32: 137.76 | H32: 137.76 | I32: 68.88 | J32: 137.76
B33: 988 | C33: Imp.Ingr. a Cta. Esp. Cg | D33: 7.02 | E33: 4.73 | F33: 6 | G33: 7.29
A35: TOTAL BRUTO | D35: =SUM(D11:D34) -> 2437.49 | E35: =SUM(E11:E34) -> 3665.93 | F35: =SUM(F11:F34) -> 3600.02 | G35: =SUM(G11:G34) -> 7985.68 | H35: =SUM(H11:H34) -> 5293.93 | I35: =SUM(I11:I34) -> 881.47 | J35: =SUM(J11:J34) -> 1750
B37: 789 | C37: Dcto.Conceptos en Especi | D37: 856.62 | E37: 93.86 | F37: 279.03 | G37: 64.76 | H37: 260.2 | J37: 63.7
B38: 989 | C38: Imp.Ingr.a Cta.Valores E | D38: 7.02 | E38: 4.73 | F38: 6 | G38: 7.29
B39: 995 | C39: COTIZACION CONT.COMUNES | D39: 117.88 | E39: 177.57 | F39: 174.31 | G39: 253.45 | H39: 247.78 | I39: 42.75 | J39: 84.88
B40: 996 | C40: COTIZACION FORMACION PRO | D40: 2.43 | E40: 3.66 | F40: 3.59 | G40: 5.1 | H40: 5.1 | I40: 0.88 | J40: 1.75
B41: 997 | C41: COTIZACION DESEMPLEO | D41: 37.67 | E41: 56.75 | F41: 55.71 | G41: 79.07 | H41: 79.07 | I41: 13.66 | J41: 27.13
B42: 999 | C42: TRIBUTACION I.R.P.F. | D42: 239.23 | E42: 731.3 | F42: 861.9 | G42: 2499.92 | H42: 1226.72 | I42: 93.7 | J42: 187.35
A44: TOTAL DEDUCCIONES | D44: =SUM(D36:D43) -> 1260.85 | E44: =SUM(E36:E43) -> 1067.87 | F44: =SUM(F36:F43) -> 1380.54 | G44: =SUM(G36:G43) -> 2909.59 | H44: =SUM(H36:H43) -> 1818.87 | I44: =SUM(I36:I43) -> 150.99 | J44: =SUM(J36:J43) -> 364.81
A46: TOTAL LIQUIDO | D46: =(D35-D44) -> 1176.64 | E46: =(E35-E44) -> 2598.06 | F46: =(F35-F44) -> 2219.48 | G46: =(G35-G44) -> 5076.09 | H46: =(H35-H44) -> 3475.06 | I46: =(I35-I44) -> 730.48 | J46: =(J35-J44) -> 1385.19
A47: PRORRATA PAGAS EXTRAS | D47: 0 | E47: 0 | F47: 0 | G47: 0 | H47: 0 | I47: 0 | J47: 0
A48: SEGURIDAD SOCIAL EMPRESA | D48: 781.38 | E48: 1177.07 | F48: 1155.49 | G48: 1670.14 | H48: 1641.88 | I48: 548.41 | J48: 562.62
A49: SEGURIDAD SOCIAL TRABAJADOR | D49: 157.98 | E49: 237.98 | F49: 233.61 | G49: 337.62 | H49: 331.95 | I49: 57.29 | J49: 113.76
A50: SEGURIDAD SOCIAL TOTAL | D50: 939.36 | E50: 1415.05 | F50: 1389.1 | G50: 2007.76 | H50: 1973.83 | I50: 605.7 | J50: 676.38
A51: COSTE COLAB. VOLUNTARIA | D51: 0 | E51: 0 | F51: 0 | G51: 0 | H51: 0 | I51: 0 | J51: 0
A52: APORTAC. SERVICIOS COMUNES | D52: 0 | E52: 0 | F52: 0 | G52: 0 | H52: 0 | I52: 0 | J52: 0
A53: COSTE EMPRESA | D53: =D35+D48 -> 3218.87 | E53: =E35+E48 -> 4843 | F53: =F35+F48 -> 4755.51 | G53: =G35+G48 -> 9655.82 | H53: =H35+H48 -> 6935.81 | I53: =I35+I48 -> 1429.88 | J53: =J35+J48 -> 2312.62
A54: BASE CONTINGENCIAS COMUNES | D54: 2430.47 | E54: 3661.2 | F54: 3594.02 | G54: 5101.2 | H54: 5101.2 | I54: 1705.79 | J54: 1750
A55: BASE ACCIDENTES | D55: 2430.47 | E55: 3661.2 | F55: 3594.02 | G55: 5101.2 | H55: 5101.2 | I55: 1705.79 | J55: 1750
A56: BASE I.R.P.F. DINERARIA | D56: 1573.85 | E56: 3567.34 | F56: 3314.99 | G56: 7913.63 | H56: 5033.73 | I56: 881.47 | J56: 1686.3
A57: BASE I.R.P.F. ESPECIES | D57: 46.18 | E57: 23.09 | F57: 23.09 | G57: 23.09 | H57: 0 | I57: 0 | J57: 0
A58: BASE I.R.P.F. IRREGULAR | D58: 0 | E58: 0 | F58: 0 | G58: 0 | H58: 0 | I58: 0 | J58: 0
A59: HORAS EXTRAS NORMALES | D59: 0 | E59: 0 | F59: 0 | G59: 0 | H59: 0 | I59: 0 | J59: 0
A60: HORAS EXTRAS ESTRUCTURALES | D60: 0 | E60: 0 | F60: 0 | G60: 0 | H60: 0 | I60: 0 | J60: 0
A61: HORAS PRESENCIA | D61: 160 | E61: 160 | F61: 160 | G61: 160 | H61: 106.67 | I61: 88 | J61: 160
A62: DIAS DESEMPLEO PARCIAL | D62: 0 | E62: 0 | F62: 0 | G62: 0 | H62: 0 | I62: 0 | J62: 0
A63: IMPORTE BONIFICACION | D63: 0 | E63: 0 | F63: 0 | G63: 0 | H63: 0 | I63: 0 | J63: 0
A64: DIAS COTIZADOS | D64: 30 | E64: 30 | F64: 30 | G64: 30 | H64: 30 | I64: 30 | J64: 30

Sheet 12
A2: Moneda: Euro | D2: 07 LAB
A3: PAGA TOTAL
A4: DEL 01/01/26 AL 31/01/26 | D4: TOTAL | E4: TOTAL
A5: Empresa: 4008-DSD PLANNING CENTER S.L. NIF: B86563285 | D5: LAB | E5: DSD PLANNING CENTER S.L.
A9: CONCEPTO
B11: 1 | C11: Salario Base | D11: =SUM('11'!$D$11:$K$11) -> 14393.2 | E11: ='2'!$D$11+'4'!$D$11+'6'!$D$11+'8'!$D$11+'10'!$D$11+'12'!$D$11 -> 120631.89
B12: 3 | C12: Mejora Voluntaria | D12: =SUM('11'!$D$12:$K$12) -> 6108.39 | E12: ='12'!$D$12+'2'!$D$12+'4'!$D$12+'6'!$D$12+'8'!$D$12+'10'!$D$12 -> 56281.17
B13: 8 | C13: Plus Actividad | D13: =SUM('11'!$D$13:$K$13) -> 1057.03 | E13: ='12'!$D$13+'6'!$D$13+'8'!$D$13 -> 1156.59
B14: 25 | C14: Plus Puntualidad | D14: =SUM('11'!$D$14:$K$14) -> 29.53 | E14: ='12'!$D$14 -> 29.53
B15: 51 | C15: Complemento Especialidad | E15: ='6'!$D$14 -> 1100
B16: 53 | C16: Plus Nocturnidad | D16: =SUM('11'!$D$15:$K$15) -> 250 | E16: ='12'!$D$16+'6'!$D$15 -> 1075.01
B17: 63 | C17: Complemento de puesto te | E17: ='6'!$D$16 -> 258.3
B18: 65 | C18: Complemento Puesto | E18: ='6'!$D$17 -> 666.66
B19: 123 | C19: Prorrata PP. Extras | D19: =SUM('11'!$D$16:$K$16) -> 2405.34 | E19: ='12'!$D$19+'2'!$D$13+'4'!$D$13+'6'!$D$18+'8'!$D$14+'10'!$D$13 -> 20135.62
B20: 181 | C20: Plus Cumplimiento Objeti | E20: ='4'!$D$14+'6'!$D$19+'10'!$D$14 -> 2723.3
B21: 273 | C21: Complemento Protesico | D21: =SUM('11'!$D$17:$K$17) -> 100 | E21: ='12'!$D$21 -> 100
B22: 275 | C22: Teletrabajo | D22: =SUM('11'!$D$18:$K$18) -> 15 | E22: ='12'!$D$22+'2'!$D$14+'4'!$D$15+'6'!$D$20+'8'!$D$15+'10'!$D$15 -> 885
B23: 276 | C23: Descuento Comida Flex | D23: =SUM('11'!$D$19:$K$19) -> -398.4 | E23: ='12'!$D$23+'2'!$D$15+'4'!$D$16+'6'!$D$21+'8'!$D$16 -> -3999.65
B24: 277 | C24: Descuento Transp Flex | D24: =SUM('11'!$D$20:$K$20) -> -151.7 | E24: ='12'!$D$24+'4'!$D$17+'6'!$D$22+'8'!$D$17 -> -1007.73
B25: 278 | C25: Descuento Guard Flex | D25: =SUM('11'!$D$21:$K$21) -> -530 | E25: ='12'!$D$25+'6'!$D$23 -> -1794.01
B26: 280 | C26: Descuento Seg Medico Fle | D26: =SUM('11'!$D$22:$K$22) -> -18.58 | E26: ='12'!$D$26+'6'!$D$24+'8'!$D$18 -> -83.61
B27: 282 | C27: Vehículo Empresa | E27: ='4'!$D$18 -> 458.82
B28: 283 | C28: Descuento Formacion Flex | E28: ='6'!$D$25 -> -722.02
B29: 337 | C29: Comida Flex (Exenta) | D29: =SUM('11'!$D$23:$K$23) -> 398.4 | E29: ='12'!$D$29+'2'!$D$16+'4'!$D$19+'6'!$D$26+'8'!$D$19 -> 3999.65
B30: 338 | C30: Formación Flex (exento) | E30: ='6'!$D$27 -> 722.02
B31: 339 | C31: Comida B. Social (Exent | D31: =SUM('11'!$D$24:$K$24) -> 214.27 | E31: ='12'!$D$31+'4'!$D$20+'6'!$D$28+'8'!$D$20+'10'!$D$16 -> 4797.33
B32: 343 | C32: Transporte Flex (Exento) | D32: =SUM('11'!$D$25:$K$25) -> 151.7 | E32: ='12'!$D$32+'4'!$D$21+'6'!$D$29+'8'!$D$21 -> 1007.73
B33: 345 | C33: Transporte B.S (Exento) | E33: ='4'!$D$22+'6'!$D$30+'8'!$D$22+'10'!$D$17 -> 806.98
B34: 349 | C34: Guarderia Flex (Exento) | D34: =SUM('11'!$D$26:$K$26) -> 530 | E34: ='12'!$D$34+'6'!$D$31 -> 1794.01
B35: 352 | C35: Seguro Salud Flex (Exent | D35: =SUM('11'!$D$27:$K$27) -> 18.58 | E35: ='12'!$D$35+'6'!$D$32+'8'!$D$23 -> 83.61
B36: 353 | C36: Seguro Médico B.S.(Exent | D36: =SUM('11'!$D$28:$K$28) -> 189.77 | E36: ='12'!$D$36+'4'!$D$23+'6'!$D$33+'8'!$D$24+'10'!$D$18 -> 2208.24
B37: 355 | C37: Seguro Salud Flex (No Ex | D37: =SUM('11'!$D$29:$K$29) -> 46.18 | E37: ='12'!$D$37+'6'!$D$34+'8'!$D$25+'10'!$D$19 -> 217.2
B38: 356 | C38: Seguro Médico B.S. (No E | D38: =SUM('11'!$D$30:$K$30) -> 69.27 | E38: ='12'!$D$38+'4'!$D$24+'6'!$D$35+'8'!$D$26+'10'!$D$20 -> 1052.75
B39: 357 | C39: Descuento Seg flex (No e | D39: =SUM('11'!$D$31:$K$31) -> -46.18 | E39: ='12'!$D$39+'6'!$D$36+'8'!$D$27+'10'!$D$21 -> -217.2
B40: 398 | C40: Plus Transporte | D40: =SUM('11'!$D$32:$K$32) -> 757.68 | E40: ='12'!$D$40+'2'!$D$17+'4'!$D$25+'6'!$D$37+'8'!$D$28+'10'!$D$22 -> 8811.36
B41: 451 | C41: Enfermedad | E41: ='6'!$D$38 -> 1886.35
B42: 988 | C42: Imp.Ingr. a Cta. Esp. Cg | D42: =SUM('11'!$D$33:$K$33) -> 25.04 | E42: ='12'!$D$42+'4'!$D$26+'6'!$D$39+'8'!$D$29+'10'!$D$23 -> 387.49
A44: TOTAL BRUTO | D44: =SUM('11'!$D$35:$K$35) -> 25614.52 | E44: ='12'!$D$44+'2'!$D$19+'4'!$D$28+'6'!$D$41+'8'!$D$31+'10'!$D$25 -> 225452.39
B46: 768 | C46: Anticipo Paternidad | E46: ='4'!$D$30 -> 1119.4
B47: 789 | C47: Dcto.Conceptos en Especi | D47: =SUM('11'!$D$37:$K$37) -> 1618.17 | E47: ='12'!$D$47+'2'!$D$21+'4'!$D$31+'6'!$D$43+'8'!$D$33+'10'!$D$27 -> 17148.34
B48: 989 | C48: Imp.Ingr.a Cta.Valores E | D48: =SUM('11'!$D$38:$K$38) -> 25.04 | E48: ='12'!$D$48+'4'!$D$32+'6'!$D$44+'8'!$D$34+'10'!$D$28 -> 387.49
B49: 995 | C49: COTIZACION CONT.COMUNES | D49: =SUM('11'!$D$39:$K$39) -> 1098.62 | E49: ='12'!$D$49+'2'!$D$22+'4'!$D$33+'6'!$D$45+'8'!$D$35+'10'!$D$29 -> 9867.14
B50: 996 | C50: COTIZACION FORMACION PRO | D50: =SUM('11'!$D$40:$K$40) -> 22.51 | E50: ='12'!$D$50+'2'!$D$23+'4'!$D$34+'6'!$D$46+'8'!$D$36+'10'!$D$30 -> 202.42
B51: 997 | C51: COTIZACION DESEMPLEO | D51: =SUM('11'!$D$41:$K$41) -> 349.06 | E51: ='12'!$D$51+'2'!$D$24+'4'!$D$35+'6'!$D$47+'8'!$D$37+'10'!$D$31 -> 3137.76
B52: 999 | C52: TRIBUTACION I.R.P.F. | D52: =SUM('11'!$D$42:$K$42) -> 5840.12 | E52: ='12'!$D$52+'2'!$D$25+'4'!$D$36+'6'!$D$48+'8'!$D$38+'10'!$D$32 -> 43547.72
A54: TOTAL DEDUCCIONES | D54: =SUM('11'!$D$44:$K$44) -> 8953.52 | E54: ='12'!$D$54+'2'!$D$27+'4'!$D$38+'6'!$D$50+'8'!$D$40+'10'!$D$34 -> 75410.27
A56: TOTAL LIQUIDO | D56: =SUM('11'!$D$46:$K$46) -> 16661 | E56: ='12'!$D$56+'2'!$D$29+'4'!$D$40+'6'!$D$52+'8'!$D$42+'10'!$D$36 -> 150042.12
A57: PRORRATA PAGAS EXTRAS | D57: =SUM('11'!$D$47:$K$47) -> 0 | E57: ='12'!$D$57+'2'!$D$30+'4'!$D$41+'6'!$D$53+'8'!$D$43+'10'!$D$37 -> 0
A58: SEGURIDAD SOCIAL EMPRESA | D58: =SUM('11'!$D$48:$K$48) -> 7536.99 | E58: ='12'!$D$58+'2'!$D$31+'4'!$D$42+'6'!$D$54+'8'!$D$44+'10'!$D$38 -> 67095.39
A59: SEGURIDAD SOCIAL TRABAJADOR | D59: =SUM('11'!$D$49:$K$49) -> 1470.19 | E59: ='12'!$D$59+'2'!$D$32+'4'!$D$43+'6'!$D$55+'8'!$D$45+'10'!$D$39 -> 13207.32
A60: SEGURIDAD SOCIAL TOTAL | D60: =SUM('11'!$D$50:$K$50) -> 9007.18 | E60: ='12'!$D$60+'2'!$D$33+'4'!$D$44+'6'!$D$56+'8'!$D$46+'10'!$D$40 -> 80302.71
A61: COSTE COLAB. VOLUNTARIA | D61: =SUM('11'!$D$51:$K$51) -> 0 | E61: ='12'!$D$61+'2'!$D$34+'4'!$D$45+'6'!$D$57+'8'!$D$47+'10'!$D$41 -> 0
A62: APORTAC. SERVICIOS COMUNES | D62: =SUM('11'!$D$52:$K$52) -> 0 | E62: ='12'!$D$62+'2'!$D$35+'4'!$D$46+'6'!$D$58+'8'!$D$48+'10'!$D$42 -> 0
A63: COSTE EMPRESA | D63: =SUM('11'!$D$53:$K$53) -> 33151.51 | E63: ='12'!$D$63+'2'!$D$36+'4'!$D$47+'6'!$D$59+'8'!$D$49+'10'!$D$43 -> 292547.78
A64: BASE CONTINGENCIAS COMUNES | D64: =SUM('11'!$D$54:$K$54) -> 23343.88 | E64: ='12'!$D$64+'2'!$D$37+'4'!$D$48+'6'!$D$60+'8'!$D$50+'10'!$D$44 -> 213798.36
A65: BASE ACCIDENTES | D65: =SUM('11'!$D$55:$K$55) -> 23343.88 | E65: ='12'!$D$65+'2'!$D$38+'4'!$D$49+'6'!$D$61+'8'!$D$51+'10'!$D$45 -> 213798.36
A66: BASE I.R.P.F. DINERARIA | D66: =SUM('11'!$D$56:$K$56) -> 23971.31 | E66: ='12'!$D$66+'2'!$D$39+'4'!$D$50+'6'!$D$62+'8'!$D$52+'10'!$D$46 -> 207916.56
A67: BASE I.R.P.F. ESPECIES | D67: =SUM('11'!$D$57:$K$57) -> 115.45 | E67: ='12'!$D$67+'2'!$D$40+'4'!$D$51+'6'!$D$63+'8'!$D$53+'10'!$D$47 -> 1728.77
A68: BASE I.R.P.F. IRREGULAR | D68: =SUM('11'!$D$58:$K$58) -> 0 | E68: ='12'!$D$68+'2'!$D$41+'4'!$D$52+'6'!$D$64+'8'!$D$54+'10'!$D$48 -> 0
A69: HORAS EXTRAS NORMALES | D69: =SUM('11'!$D$59:$K$59) -> 0 | E69: ='12'!$D$69+'2'!$D$42+'4'!$D$53+'6'!$D$65+'8'!$D$55+'10'!$D$49 -> 0
A70: HORAS EXTRAS ESTRUCTURALES | D70: =SUM('11'!$D$60:$K$60) -> 0 | E70: ='12'!$D$70+'2'!$D$43+'4'!$D$54+'6'!$D$66+'8'!$D$56+'10'!$D$50 -> 0
A71: HORAS PRESENCIA | D71: =SUM('11'!$D$61:$K$61) -> 994.67 | E71: ='12'!$D$71+'2'!$D$44+'4'!$D$55+'6'!$D$67+'8'!$D$57+'10'!$D$51 -> 10363.74
A72: DIAS DESEMPLEO PARCIAL | D72: =SUM('11'!$D$62:$K$62) -> 0 | E72: ='12'!$D$72+'2'!$D$45+'4'!$D$56+'6'!$D$68+'8'!$D$58+'10'!$D$52 -> 0
A73: IMPORTE BONIFICACION | D73: =SUM('11'!$D$63:$K$63) -> 0 | E73: ='12'!$D$73+'2'!$D$46+'4'!$D$57+'6'!$D$69+'8'!$D$59+'10'!$D$53 -> 0
A74: DIAS COTIZADOS | D74: =SUM('11'!$D$64:$K$64) -> 210 | E74: ='12'!$D$74+'2'!$D$47+'4'!$D$58+'6'!$D$70+'8'!$D$60+'10'!$D$54 -> 2113
A75: TOTAL TRABAJADORES | D75: 7 | E75: 71
